occupancy,energy,temperature,humidity
65.96,1318.74,28.3,67.18
57.19,1267.22,30.16,61.14
54.37,1315.24,26.07,51.27
62.9,1161.46,23.55,50.5
47.85,1264.37,25.18,43.7
77.59,1369.88,27.14,43.6
53.47,1276.21,24.7,58.01
52.79,1240.63,25.8,69.82
59.84,1214.57,28.65,45.23
62.51,1155.76,24.34,56.57
68.86,1358.02,26.77,52.59
42.26,1153.7,26.08,63.46
64.12,1179.57,27.65,51.92
51.88,1308.32,29.06,62.45
49.93,1224.91,27.66,62.8
54.25,1256.4,24.79,45.43
69.75,1457.25,26.86,63.03
64.34,1270.09,27.72,67.3
59.57,1423.02,21.76,61.58
61.04,1281.3,27.18,39.1
57.36,1315.39,29.96,50.85
50.3,1211.35,28.83,57.63
53.64,1309.28,27.19,62.75
51.58,1231.66,26.22,43.29
63.55,1338.65,27.01,53.12
43.02,1181.43,26.31,48.58
58.06,1322.65,30.77,56.4
63.09,1309.5,23.16,54.79
60.72,1500.67,26.62,57.41
59.58,1204.42,29.29,61.02
69.49,1274.71,29.81,43.79
67.04,1510.45,25.02,50.47
61.2,1265.7,23.9,55.55
47.25,1274.15,25.16,67.4
50.6,1227.24,28.63,45.15
62.73,1418.22,23.79,56.48
63.12,1378.14,24.53,44.44
66.26,1355.08,27.5,57.77
51.84,1277.78,27.59,49.29
82.39,1449.85,24.62,60.25
48.3,1304.49,29.32,48.43
71.56,1390.83,28.64,70.17
57.06,1224.98,25.22,48.47
59.07,1322.67,27.55,61.62
60.16,1417.06,26.47,76.76
67.51,1268.97,24.86,58.86
57.32,1343.71,27.95,54.42
49.84,1128.0,26.11,61.85
62.57,1213.19,27.35,58.08
49.39,1259.27,27.12,45.86
64.29,1366.33,29.17,63.43
43.47,1142.31,28.03,59.11
66.18,1639.12,28.14,64.08
71.45,1409.35,26.37,61.07
50.73,1234.68,26.03,55.65
87.78,1289.5,28.37,42.1
54.34,1358.8,27.13,46.38
51.42,1311.45,25.54,56.73
60.55,1250.61,31.29,60.07
35.7,1193.41,25.68,61.82
50.49,1243.27,28.01,61.93
45.6,1201.22,26.05,49.77
81.19,1438.33,24.48,62.34
85.47,1509.93,23.96,51.13
75.2,1319.4,27.89,61.2
48.88,1239.62,20.52,46.8
56.97,1185.02,30.26,43.56
54.72,1284.06,29.88,43.51
73.96,1370.61,25.04,58.7
62.39,1263.93,27.14,51.92
61.36,1359.78,30.17,45.1
85.6,1271.81,26.7,59.71
63.37,1267.04,26.58,51.06
52.93,1332.61,27.71,49.46
70.8,1378.56,28.63,60.04
50.05,1205.45,28.49,59.88
59.75,1308.13,29.56,50.27
66.57,1316.65,26.56,63.79
69.9,1414.61,29.61,55.17
68.18,1316.1,27.65,53.96
61.16,1353.43,25.36,71.74
47.93,1142.5,29.32,61.33
67.49,1387.71,26.98,47.82
60.91,1250.38,28.95,53.82
50.09,1224.76,27.83,50.49
50.13,1270.16,27.49,50.94
54.35,1290.3,24.1,43.74
51.38,1239.82,27.62,66.8
70.29,1338.66,26.96,46.98
59.78,1275.8,27.65,48.38
66.23,1453.78,26.78,58.21
68.28,1309.31,27.45,55.1
61.17,1244.02,27.05,58.98
77.41,1463.81,31.31,48.86
70.47,1367.01,31.38,48.53
49.92,1201.67,22.75,50.79
50.89,1266.48,27.68,70.01
71.41,1310.87,25.2,58.94
44.16,1367.3,29.36,51.25
39.44,1305.52,26.77,64.9
40.87,1156.38,27.01,55.38
54.6,1322.82,24.86,53.86
61.44,1348.37,28.42,46.0
41.59,1310.17,27.66,49.01
78.61,1402.32,29.36,55.54
84.73,1564.07,26.5,62.77
67.74,1448.21,25.07,60.49
72.7,1222.81,24.63,38.69
56.77,1341.24,30.0,55.59
79.54,1287.31,23.59,54.56
64.61,1320.43,22.87,54.29
44.35,1275.31,27.73,47.48
53.83,1184.43,26.87,62.64
48.17,1281.18,25.94,48.66
58.72,1210.76,25.89,45.42
83.58,1420.7,25.6,56.71
58.65,1275.58,28.23,61.06
53.63,1222.1,26.45,36.58
41.82,1318.44,30.29,53.01
66.92,1359.49,33.16,63.96
58.46,1215.88,23.79,56.63
50.92,1140.84,25.71,46.35
80.25,1471.76,26.98,66.84
60.93,1235.74,30.05,59.31
47.55,1222.54,25.25,43.94
71.11,1508.32,24.2,59.5
52.19,1221.99,25.82,48.09
60.58,1236.44,27.54,54.6
57.13,1213.06,25.85,61.04
66.01,1251.85,27.2,61.01
39.97,1243.3,25.67,59.56
50.84,1109.81,23.74,55.38
63.12,1243.24,28.28,41.71
59.21,1199.15,25.7,55.38
49.68,1217.61,29.01,50.38
70.03,1259.76,28.06,66.53
30.34,1087.95,28.15,53.38
64.45,1273.95,27.17,53.75
74.01,1390.42,27.68,51.7
54.15,1236.14,27.79,51.63
63.48,1483.42,28.74,52.39
74.41,1339.43,22.92,46.94
37.55,1159.63,27.04,68.41
63.92,1302.09,28.66,37.31
62.83,1375.81,24.04,64.15
64.06,1287.09,28.27,73.17
62.18,1330.77,26.08,48.2
69.96,1281.33,27.14,51.18
65.75,1355.43,29.08,50.92
56.76,1205.51,26.11,58.02
69.08,1271.65,28.74,65.85
64.96,1474.95,25.45,45.04
38.66,1312.96,28.31,54.56
63.36,1226.76,31.89,56.03
61.31,1364.63,27.96,56.79
50.51,1290.29,30.76,65.76
79.12,1354.69,25.02,53.99
60.67,1390.88,23.62,67.24
58.1,1256.37,24.98,41.76
69.88,1355.26,24.42,44.64
55.97,1413.37,26.48,42.97
57.05,1263.44,21.61,54.57
57.23,1341.84,30.7,64.01
56.77,1195.34,32.15,55.47
60.17,1298.91,27.4,53.85
53.12,1221.83,26.93,50.65
51.45,1265.74,26.49,67.03
28.19,1228.26,29.49,38.41
55.89,1249.72,24.18,48.78
46.67,1373.55,28.87,65.17
68.66,1252.98,25.95,58.91
45.33,1283.71,26.52,52.0
68.53,1378.2,26.28,64.27
47.03,1284.41,28.19,52.52
63.91,1219.48,28.85,53.52
53.73,1352.56,25.59,43.73
41.32,1255.08,24.44,69.04
35.02,1310.8,27.42,54.23
53.46,1299.24,26.92,63.83
61.37,1318.88,26.27,54.54
63.69,1181.65,24.3,60.95
62.05,1295.53,27.04,57.78
53.52,1205.35,27.39,47.17
64.9,1188.29,29.06,58.78
63.07,1393.98,30.33,63.11
37.91,1087.18,25.75,55.21
66.21,1273.0,27.37,48.96
52.66,1150.78,25.15,44.19
48.29,1325.74,25.1,76.06
65.92,1344.39,25.28,60.6
53.09,1275.22,32.12,54.23
73.79,1312.7,26.93,69.17
52.48,1407.38,28.42,50.5
67.59,1415.75,28.24,42.44
51.27,1236.57,26.85,59.97
62.13,1203.83,27.76,59.88
66.72,1420.05,28.67,58.67
59.16,1162.91,27.86,56.66
63.26,1214.15,24.84,63.43
59.53,1352.15,27.06,55.24
71.26,1315.01,27.19,51.3
54.79,1249.2,27.44,51.17
75.07,1303.78,26.63,51.48
77.36,1402.54,29.06,43.12
63.2,1387.19,27.16,63.52
53.79,1381.71,31.6,52.1
54.65,1389.54,30.16,50.82
54.96,1252.25,24.31,47.65
47.95,1178.33,26.93,56.87
78.61,1313.16,28.97,53.29
59.41,1351.02,24.75,58.06
62.0,1349.38,27.58,74.64
52.35,1219.26,25.75,50.56
52.35,1356.88,29.84,50.43
50.01,1287.77,25.9,60.06
62.44,1190.92,30.1,69.37
52.65,1232.22,27.57,57.68
67.9,1500.33,26.65,48.61
43.45,1158.77,26.93,69.36
53.79,1286.85,26.97,64.51
90.32,1409.15,26.02,63.35
68.18,1488.65,28.17,52.13
67.09,1424.14,28.64,59.06
72.8,1457.54,29.76,60.19
57.99,1301.71,29.41,48.46
64.42,1290.65,27.06,65.23
62.29,1315.18,24.28,60.97
67.75,1511.79,26.38,56.75
62.99,1441.16,26.81,57.23
67.29,1351.4,26.11,56.55
72.88,1282.3,27.27,49.4
74.34,1249.85,25.88,58.02
78.79,1388.67,25.89,70.05
42.62,1037.21,27.88,50.98
47.75,1295.39,27.49,50.49
44.64,1292.98,28.3,54.21
82.16,1325.19,23.95,49.46
59.45,1316.73,26.52,57.82
44.98,1340.41,26.84,63.94
64.11,1357.1,28.14,58.58
67.71,1444.9,27.39,60.67
58.92,1409.83,25.65,69.41
59.52,1183.13,27.26,49.55
70.09,1298.23,26.11,39.88
54.57,1078.95,23.83,61.08
69.43,1381.18,25.07,54.62
59.96,1207.11,30.01,62.02
57.35,1288.89,27.42,38.67
57.03,1230.61,25.0,52.75
81.57,1459.13,25.86,59.58
76.79,1457.93,27.12,49.82
68.38,1373.37,28.79,60.08
72.59,1320.15,29.63,56.58
84.9,1369.38,30.47,56.58
52.18,1222.2,26.36,58.39
66.27,1285.47,26.95,72.14
80.73,1438.56,27.08,55.96
67.36,1254.99,26.49,41.65
64.79,1375.73,26.03,67.59
45.29,1109.3,27.45,63.38
80.21,1364.32,29.16,54.69
57.93,1360.34,28.3,42.39
77.72,1499.0,25.75,58.17
65.93,1350.5,25.9,49.63
59.69,1392.29,28.09,52.04
69.26,1118.42,29.3,41.08
55.65,1188.68,24.41,64.29
54.39,1299.66,26.91,58.82
60.92,1201.97,28.99,51.05
41.32,1172.36,30.0,61.8
55.82,1251.14,26.36,71.61
64.58,1357.32,29.06,56.91
56.89,1268.75,26.86,54.7
68.73,1347.81,28.47,54.35
60.94,1144.86,28.83,57.77
71.98,1128.18,31.18,53.88
73.3,1283.3,28.23,46.57
52.51,1415.7,26.62,56.74
70.44,1391.86,27.3,57.92
88.84,1439.6,27.4,63.41
73.27,1461.29,28.28,45.86
79.6,1306.3,27.61,48.97
59.23,1322.45,27.64,58.38
79.36,1433.11,26.51,62.71
74.27,1273.16,28.19,60.61
56.43,1392.2,26.7,56.0
57.92,1290.86,24.81,43.48
79.13,1327.91,25.02,37.77
52.33,1155.82,30.28,63.08
51.74,1438.91,28.96,52.4
30.01,1333.31,24.22,41.84
72.27,1556.53,29.77,59.51
67.14,1403.96,28.52,57.25
61.25,1301.24,25.49,52.75
39.68,1190.56,25.02,46.17
62.16,1422.15,28.84,42.44
48.12,1315.88,25.04,53.2
66.6,1255.54,27.21,44.33
52.78,1289.5,23.81,58.52
59.76,1343.02,27.45,65.91
61.5,1273.16,27.24,59.35
60.59,1306.18,25.6,49.7
43.17,1355.81,24.51,49.46
51.38,1328.49,26.41,64.98
51.92,1281.91,25.33,72.16
45.75,1253.53,28.27,58.31
57.78,1278.5,27.09,53.82
71.57,1534.67,25.89,44.04
58.94,1501.08,25.39,68.11
80.13,1356.37,28.14,68.03
55.45,1260.97,25.84,46.88
52.21,1163.13,27.07,48.84
62.81,1189.56,27.66,61.67
36.08,1210.3,29.46,45.32
80.07,1433.88,25.59,54.55
66.7,1339.58,28.08,47.63
62.03,1197.06,26.78,47.77
51.17,1354.76,29.18,59.87
46.89,1209.15,29.43,56.13
87.83,1470.63,27.38,52.53
61.6,1295.81,28.42,62.65
50.57,1146.34,23.33,59.06
46.76,1061.57,27.78,74.94
59.93,1366.72,27.16,54.21
71.03,1331.92,27.53,57.57
51.98,1339.28,26.65,48.95
66.44,1260.31,27.06,54.93
73.03,1403.13,26.95,61.54
76.68,1428.04,27.02,44.51
47.22,1211.68,25.78,53.5
60.68,1345.77,26.86,58.89
60.77,1145.83,25.12,53.85
45.48,1275.41,30.06,64.75
57.44,1406.45,27.3,52.3
52.64,1239.0,26.22,56.36
61.93,1309.88,27.87,64.53
71.39,1238.18,21.89,62.47
43.6,1200.01,24.66,40.58
66.5,1393.22,25.85,34.27
53.45,1298.57,24.04,56.47
59.82,1345.42,27.24,47.22
74.36,1359.11,26.95,47.53
54.68,1202.62,26.65,68.69
43.54,1088.6,29.94,53.33
51.97,1343.05,25.79,69.61
68.14,1301.64,31.31,50.15
68.91,1368.47,29.6,67.49
60.38,1241.65,27.92,49.58
84.16,1431.73,26.27,56.48
43.83,1141.44,29.4,49.74
47.44,1280.12,29.37,60.75
71.95,1299.22,24.16,67.01
56.13,1260.57,29.66,59.45
65.47,1500.55,25.71,62.42
60.68,1324.91,30.06,59.06
66.46,1418.1,26.27,48.29
47.46,1080.0,31.11,46.17
57.34,1264.58,27.61,61.53
70.33,1304.98,26.67,57.26
57.02,1413.67,27.98,60.88
67.95,1433.65,27.36,44.63
64.8,1271.87,25.94,59.69
74.86,1376.0,27.62,68.62
62.89,1522.58,28.13,40.91
69.04,1375.69,29.58,60.39
58.34,1193.75,26.58,48.2
53.03,1312.25,30.34,58.16
45.65,1263.82,29.39,50.12
58.39,1293.13,25.43,60.19
58.55,1326.31,25.23,51.5
68.67,1313.52,30.45,51.8
62.7,1388.09,24.16,40.91
41.69,1309.47,25.9,75.47
53.23,1280.91,30.08,71.05
84.74,1520.36,29.05,59.74
69.34,1302.61,25.36,54.97
57.96,1253.53,28.39,62.64
61.06,1423.51,24.72,53.45
51.4,1107.67,26.83,54.03
78.16,1441.27,24.95,69.83
74.65,1419.83,26.55,47.32
55.53,1364.77,30.77,67.35
54.13,1181.1,27.28,40.85
63.88,1307.58,26.07,42.24
66.16,1288.2,24.66,32.02
59.67,1440.13,30.32,51.34
52.77,1301.37,25.0,57.41
69.19,1444.12,26.8,53.37
49.46,1181.17,26.55,57.94
70.96,1290.56,29.99,52.83
59.74,1238.94,22.15,62.07
68.84,1321.7,27.13,59.13
41.25,1163.92,28.59,44.97
63.52,1209.09,27.93,54.71
40.62,1296.27,25.53,48.52
62.41,1403.93,24.97,55.49
65.15,1381.18,27.35,52.06
50.07,1257.24,24.86,31.63
65.24,1398.51,22.27,46.92
67.43,1501.75,27.04,49.18
57.81,1399.02,25.71,48.61
54.21,1194.77,27.25,68.0
63.88,1299.2,26.42,42.49
70.6,1346.76,26.64,80.54
63.59,1257.78,26.15,64.19
61.36,1191.73,28.84,49.65
82.48,1498.8,26.11,65.25
60.81,1372.29,27.97,48.23
52.28,1343.78,26.33,51.77
48.54,1276.58,31.13,46.46
60.29,1414.43,26.84,58.62
47.25,1270.52,26.63,62.89
74.25,1578.41,28.16,57.61
62.33,1283.41,27.68,52.64
62.02,1415.52,24.99,64.12
75.81,1369.58,22.76,50.14
75.56,1375.99,25.0,50.96
70.09,1394.18,26.52,52.07
55.3,1202.7,30.23,52.42
74.61,1494.73,29.0,51.55
64.84,1322.29,25.19,57.59
45.85,1324.27,26.07,56.61
63.4,1296.28,28.17,51.2
70.46,1244.6,27.25,70.51
48.0,1185.76,28.03,56.44
64.21,1360.17,28.27,63.88
64.92,1305.29,28.35,70.2
58.41,1214.08,29.21,54.04
33.93,1237.43,25.93,54.28
63.98,1335.16,28.42,51.52
66.16,1310.02,28.48,59.92
48.77,1330.75,25.93,61.46
64.41,1469.09,26.55,52.21
59.77,1274.58,28.6,42.07
47.36,1151.35,28.9,68.68
58.75,1280.23,27.14,64.3
48.87,1263.43,28.95,59.01
62.27,1391.46,21.59,60.42
52.15,1114.3,28.02,65.99
58.35,1367.98,30.22,65.52
79.68,1457.77,27.15,42.18
57.05,1217.78,31.34,53.59
61.48,1351.51,27.09,68.56
52.53,1278.21,25.52,44.44
52.66,1260.33,26.14,49.46
43.12,1208.97,23.99,61.08
60.99,1188.34,26.38,48.98
63.83,1426.39,23.25,55.92
58.08,1344.1,27.43,48.98
56.17,1217.17,29.15,55.17
82.81,1409.22,25.58,42.89
38.36,1065.08,27.53,59.07
41.03,1276.73,26.03,56.17
79.35,1468.48,26.46,47.87
34.18,1113.36,26.58,47.1
58.42,1298.27,26.55,49.8
62.02,1345.47,24.82,66.29
58.82,1295.59,28.42,56.87
71.44,1380.16,25.78,57.89
46.28,1240.06,26.93,53.34
58.46,1141.74,25.9,55.74
61.92,1227.38,29.53,48.07
71.63,1392.34,25.71,69.2
45.68,1301.91,29.0,49.64
76.71,1363.54,27.58,57.08
58.39,1356.81,28.59,41.01
75.65,1245.26,29.07,64.01
46.91,1201.68,24.79,53.28
56.3,1343.89,29.62,66.17
53.25,1249.53,23.63,48.55
71.58,1487.14,24.53,50.26
59.68,1320.83,25.38,58.39
54.31,1270.41,28.09,55.05
54.76,1265.05,26.82,52.04
56.89,1412.36,28.12,52.64
68.36,1315.11,29.35,57.96
58.71,1329.38,23.86,45.99
45.67,1239.8,30.47,72.85
67.66,1378.35,23.4,50.66
50.55,1203.07,26.66,51.22
36.25,1241.07,24.85,56.91
84.89,1350.89,21.94,52.71
73.21,1522.73,24.54,58.97
54.42,1263.61,32.29,42.98
63.04,1352.64,29.17,55.78
63.7,1287.15,27.54,52.25
67.46,1307.73,27.75,54.77
73.51,1363.45,23.45,65.1
49.13,1193.35,25.81,66.0
34.37,1422.88,29.11,56.79
59.34,1319.55,28.04,60.16
66.67,1340.5,26.61,53.79
57.66,1379.01,28.19,31.48
67.87,1354.93,26.96,51.89
73.49,1443.25,25.45,58.26
48.34,1131.33,25.75,61.9
71.44,1398.23,28.45,59.13
52.3,1296.06,28.6,61.03
74.27,1428.0,27.7,63.56
59.68,1227.86,26.67,49.04
51.9,1247.93,25.42,52.54
37.28,1203.45,27.0,48.46
67.91,1414.56,23.78,48.9
50.77,1178.66,28.66,53.45
56.83,1123.82,28.27,45.09
60.72,1325.79,29.72,44.53
23.77,1133.54,30.6,64.91
62.52,1273.25,28.61,47.21
65.72,1369.02,29.12,77.08
64.71,1282.83,26.95,40.85
51.66,1225.57,25.95,56.22
50.13,1340.34,27.0,54.93
56.07,1292.74,28.65,48.06
52.1,1236.21,24.31,48.45
54.29,1341.38,27.53,56.55
70.21,1340.06,27.78,54.17
63.18,1269.3,22.12,53.93
77.07,1459.46,28.93,64.89
61.06,1321.1,25.76,52.47
67.39,1433.26,26.72,51.4
60.01,1348.13,24.11,36.63
53.39,1169.31,25.98,53.82
54.56,1389.0,27.65,57.4
67.47,1246.23,29.08,54.39
68.05,1254.48,23.89,61.54
64.52,1250.42,25.26,64.0
45.73,1360.05,25.2,60.11
56.06,1328.54,25.91,53.7
60.49,1222.28,28.48,50.89
57.26,1206.74,21.88,53.47
88.95,1507.53,26.96,52.9
60.27,1345.12,24.64,63.91
68.58,1400.38,27.88,55.16
68.07,1387.72,26.29,50.41
61.22,1430.03,24.52,43.26
61.98,1313.96,27.35,56.95
57.32,1405.8,23.8,48.37
58.76,1162.35,26.65,68.29
60.25,1319.71,24.48,50.07
55.5,1252.07,29.56,59.46
46.66,1253.03,28.0,64.12
78.97,1313.62,25.38,44.94
57.19,1323.27,28.97,54.39
56.16,1292.95,25.33,71.72
40.71,1218.32,31.05,55.05
57.72,1260.0,26.64,65.98
33.46,1289.96,24.15,52.87
54.85,1321.33,23.8,58.7
84.29,1312.4,27.38,49.7
65.11,1327.09,25.72,58.9
81.65,1392.99,28.44,44.65
48.52,1280.41,29.97,57.84
56.24,1281.16,24.5,59.84
70.59,1316.77,26.06,57.13
54.76,1268.51,31.2,53.02
55.7,1226.7,28.49,53.55
52.21,1366.74,29.84,50.2
37.6,1268.61,25.63,61.33
36.36,1253.2,24.58,60.85
60.17,1224.54,26.19,60.49
61.27,1353.11,30.95,42.49
79.41,1405.38,25.2,44.36
57.73,1362.38,26.74,67.09
42.59,1211.96,24.5,57.91
70.64,1319.55,21.79,56.59
65.24,1358.55,29.47,46.43
68.16,1436.21,23.44,57.56
53.95,1263.23,27.7,51.1
51.89,1262.19,24.83,46.31
68.15,1248.86,28.33,58.7
39.29,1142.25,29.39,47.15
54.43,1309.1,28.57,52.99
52.83,1377.94,30.48,62.83
61.02,1240.46,25.34,59.18
65.02,1437.23,28.3,42.98
72.62,1283.27,26.23,57.0
83.95,1668.53,28.21,53.53
66.41,1403.08,26.36,69.36
62.76,1353.62,28.33,58.37
70.07,1300.96,25.88,46.2
65.27,1388.68,27.92,68.4
59.93,1353.16,24.82,51.9
68.35,1409.66,26.41,54.43
41.79,1180.37,28.78,59.6
66.01,1334.02,27.01,49.72
68.39,1375.61,27.98,50.79
34.16,1258.57,26.04,48.1
68.32,1310.25,29.12,59.94
68.2,1231.74,29.42,57.09
55.57,1289.31,23.45,58.27
47.65,1130.02,23.96,63.9
52.45,1384.94,25.93,41.34
46.6,1331.87,26.69,50.61
61.92,1349.74,29.23,66.59
55.68,1172.33,26.17,57.08
48.43,1165.6,27.69,54.61
60.39,1241.29,26.54,47.61
70.68,1436.23,23.31,47.56
42.04,1158.21,26.83,43.4
48.94,1164.37,27.41,55.55
51.34,1270.84,25.91,52.83
80.08,1507.64,24.4,61.64
69.74,1256.82,28.64,67.3
46.53,1159.25,29.04,57.17
66.62,1360.34,27.78,44.39
72.57,1456.41,26.54,54.65
41.63,1249.27,28.14,54.5
73.49,1340.74,28.13,46.84
59.72,1284.64,27.45,52.04
58.42,1358.2,26.13,42.15
81.0,1515.49,24.42,60.52
53.96,1290.9,27.59,53.12
50.59,1197.73,25.17,48.35
59.19,1238.71,28.36,66.9
53.04,1284.35,28.0,58.78
60.91,1363.97,27.96,45.1
70.43,1423.13,25.47,55.3
68.2,1324.25,29.15,73.91
50.57,1142.36,27.61,60.77
57.23,1402.41,24.32,60.54
52.73,1401.2,30.99,48.87
53.41,1335.79,26.23,54.64
60.3,1147.95,26.97,49.48
54.08,1385.9,24.49,61.51
56.65,1260.88,28.58,57.72
66.85,1411.69,26.34,50.1
46.98,1168.86,32.9,64.96
43.79,1113.14,27.96,59.38
66.59,1312.54,26.75,57.62
61.03,1127.61,26.54,48.19
62.1,1549.33,27.73,52.49
71.06,1393.92,27.84,59.85
84.68,1332.92,27.95,47.59
66.67,1259.84,26.17,52.64
71.71,1432.03,24.51,55.44
51.49,1156.74,26.57,52.53
89.12,1480.24,24.24,50.48
72.26,1528.36,23.83,39.96
82.45,1443.43,25.26,59.28
28.37,1142.13,27.66,62.39
47.83,1246.02,25.15,57.04
49.26,1213.63,25.01,60.21
70.3,1332.74,27.08,43.41
56.4,1278.0,32.24,46.1
77.57,1467.6,27.56,69.07
64.47,1353.46,26.89,64.79
73.16,1315.73,24.36,53.38
50.4,1246.92,29.47,51.34
59.49,1302.07,28.7,37.02
52.72,1280.5,29.4,51.06
37.48,1236.98,25.73,45.48
52.51,1247.78,25.79,37.36
70.76,1455.81,28.3,45.9
57.58,1287.39,28.2,60.35
51.19,1262.51,27.91,66.65
68.45,1405.39,27.17,66.28
64.92,1255.7,29.81,60.58
54.68,1235.06,27.59,58.71
62.37,1336.74,30.4,63.57
62.29,1386.74,24.93,58.18
81.71,1391.11,25.3,49.78
46.92,1171.84,26.26,43.76
60.19,1373.12,25.18,67.15
66.13,1413.09,25.68,61.84
46.9,1305.7,27.34,59.43
45.89,1157.86,28.19,47.41
65.56,1218.42,28.7,45.14
66.63,1383.19,25.61,59.66
63.13,1272.52,24.98,39.3
64.2,1195.79,27.19,52.89
68.15,1316.58,26.34,60.85
64.02,1345.4,27.94,42.72
69.08,1394.4,24.97,53.05
59.53,1286.88,27.67,66.45
72.98,1259.93,28.24,65.63
64.64,1410.49,31.02,63.19
62.99,1398.57,27.29,55.19
55.78,1403.99,25.36,67.26
66.0,1218.05,27.74,38.2
67.51,1408.35,25.82,55.99
83.45,1376.79,24.88,66.85
83.55,1418.05,29.02,65.73
51.09,1216.63,29.46,68.48
66.75,1263.39,30.97,50.75
55.98,1307.28,30.11,61.83
64.98,1361.96,27.09,59.47
29.65,1124.5,27.48,45.79
64.64,1306.82,30.51,67.58
54.41,1259.98,26.85,51.39
62.34,1251.04,24.74,59.98
67.55,1273.43,28.79,49.95
63.04,1380.82,26.93,58.64
53.8,1253.3,26.59,49.03
57.88,1165.5,26.02,52.72
56.93,1265.31,26.88,58.84
70.49,1300.49,24.59,46.66
54.15,1242.61,25.46,44.63
54.53,1287.15,28.19,50.54
55.04,1201.08,26.94,48.21
66.88,1191.52,26.28,57.41
62.21,1526.47,27.7,46.97
58.85,1152.17,26.84,48.34
70.98,1310.96,26.77,49.92
80.87,1378.63,30.67,61.51
65.78,1358.42,27.79,39.58
56.65,1350.88,26.9,43.76
59.37,1433.18,29.49,54.5
71.42,1327.77,23.59,47.6
78.75,1371.85,26.51,52.6
82.85,1544.32,31.44,53.73
63.55,1196.41,29.95,45.66
62.6,1225.22,25.82,48.3
52.71,1220.4,25.9,61.67
46.74,1251.35,29.44,50.89
51.38,1238.48,29.36,56.55
53.63,1306.84,24.8,60.45
64.9,1299.89,25.32,47.91
66.42,1430.41,25.73,58.67
34.96,1128.01,26.94,47.72
48.76,1190.39,27.58,53.5
33.14,996.05,25.79,58.66
27.03,1095.17,25.95,66.11
55.38,1307.54,27.28,37.96
69.22,1363.32,28.02,86.41
34.99,1312.93,26.43,57.3
59.45,1263.33,25.86,57.64
41.79,1269.02,26.17,45.96
54.6,1373.57,25.93,57.87
51.23,1316.78,28.37,69.79
57.89,1342.96,27.2,65.37
51.37,1316.47,26.61,54.49
61.1,1325.68,26.77,56.72
78.94,1473.52,28.74,51.36
49.33,1323.07,28.75,66.78
52.75,1245.4,23.72,51.86
71.96,1322.47,28.28,53.48
63.89,1227.63,27.17,31.07
57.76,1158.35,29.41,61.22
65.6,1449.68,25.1,68.98
71.19,1337.01,29.27,46.15
50.11,1201.84,25.94,46.55
74.68,1352.68,27.71,50.44
38.15,1212.37,23.18,54.45
43.58,1376.88,28.82,55.85
75.16,1308.12,28.09,56.6
63.17,1417.63,28.46,57.31
40.14,1123.9,26.75,55.75
46.44,1425.12,30.03,59.82
60.86,1287.35,25.1,55.62
63.09,1216.12,27.67,53.76
37.11,1116.7,26.17,70.1
66.68,1226.55,27.97,42.62
72.99,1327.27,26.81,65.61
44.55,1111.0,25.83,63.31
41.77,982.27,26.1,59.41
74.4,1334.96,26.18,64.23
37.56,1156.73,27.38,58.59
53.88,1272.17,22.02,49.73
65.44,1248.63,27.12,58.57
55.89,1293.08,25.07,53.35
67.32,1349.17,25.83,56.79
68.58,1178.88,29.32,52.31
65.11,1421.31,24.26,49.32
56.54,1219.99,30.47,48.15
53.33,1283.02,24.6,51.83
63.81,1292.42,26.81,50.77
41.83,1234.86,30.51,55.15
62.7,1368.93,24.46,68.62
62.43,1442.69,25.53,69.54
69.3,1390.75,27.47,53.01
74.41,1383.26,23.07,46.06
57.77,1313.65,26.89,64.75
36.59,1194.42,23.36,61.08
58.87,1327.9,25.27,65.24
72.5,1409.19,26.74,59.64
51.52,1326.03,30.3,63.56
51.24,1285.14,24.41,59.58
65.41,1177.45,24.68,52.73
56.39,1185.19,27.78,57.01
57.67,1227.88,29.1,68.24
54.2,1222.01,27.98,52.14
58.33,1350.81,23.18,65.55
60.87,1271.44,26.82,54.7
39.23,1315.72,27.08,58.54
71.42,1275.4,27.95,52.86
70.16,1180.63,26.8,50.18
65.19,1363.54,25.58,49.3
58.67,1221.63,28.68,52.05
25.12,1095.59,24.92,41.95
45.15,1234.51,29.66,57.51
52.72,1300.08,26.08,49.44
46.15,1090.59,26.22,56.26
58.84,1260.93,25.11,59.87
44.19,1283.05,25.0,48.98
42.4,1171.88,28.95,59.13
71.74,1400.48,24.79,52.35
50.64,1359.63,24.61,62.15
70.72,1499.95,26.18,60.7
87.38,1387.49,23.93,39.96
68.55,1192.11,26.26,58.5
62.22,1345.15,27.44,65.23
48.57,1188.7,25.45,61.64
70.8,1390.12,29.37,45.58
80.01,1521.89,28.47,69.25
40.12,1158.65,25.53,60.77
47.4,1297.59,29.74,60.56
63.41,1238.0,25.31,65.0
69.35,1343.64,26.16,38.79
47.15,1388.66,24.44,56.52
72.09,1260.05,27.37,62.5
60.15,1530.22,23.66,63.47
57.93,1351.39,27.88,49.13
62.75,1165.11,28.21,57.39
67.66,1422.97,27.74,56.18
49.43,1190.16,29.37,66.49
57.14,1289.39,25.19,64.38
67.99,1495.22,25.24,51.98
62.78,1365.61,26.57,48.02
70.58,1410.58,25.17,65.84
74.04,1380.96,27.16,59.43
49.66,1250.7,22.7,62.01
41.26,1326.58,26.34,53.31
52.47,1239.29,29.84,35.1
75.32,1403.66,24.59,46.4
80.12,1324.94,24.69,64.1
64.06,1245.28,27.43,46.79
73.21,1450.96,28.06,57.89
81.13,1405.65,24.64,58.6
85.03,1343.98,26.28,58.33
59.35,1218.18,29.24,73.56
62.35,1239.44,23.9,57.06
73.25,1404.25,27.0,50.29
46.89,1301.25,28.83,42.63
79.08,1441.32,29.8,44.26
43.61,1206.13,28.01,69.37
68.47,1322.95,24.95,64.84
48.42,1372.4,26.43,67.72
68.15,1329.78,25.96,52.27
65.14,1331.87,25.81,53.67
60.94,1134.42,27.92,47.16
46.16,1095.81,23.41,44.16
51.49,1413.72,25.95,56.42
64.81,1334.51,26.85,45.44
77.41,1531.63,23.63,46.81
56.64,1206.05,28.01,49.17
85.98,1525.15,27.43,63.22
73.27,1321.24,25.37,55.63
70.34,1362.82,23.85,48.58
59.11,1289.51,30.95,43.91
66.07,1449.46,31.54,51.76
65.9,1375.07,27.39,54.21
65.23,1123.58,28.36,56.01
57.33,1450.4,25.65,51.78
83.9,1352.93,25.9,53.82
70.09,1367.07,24.41,50.74
52.71,1257.38,27.85,58.35
38.69,1278.55,27.51,66.08
65.33,1414.76,27.93,65.77
66.27,1323.5,31.54,62.11
66.88,1232.32,24.42,57.34
61.75,1259.6,27.28,67.71
68.34,1250.44,26.78,48.56
55.35,1243.65,26.04,44.96
58.47,1247.49,21.14,71.42
73.07,1335.22,27.04,45.63
80.35,1553.53,27.31,63.19
62.1,1203.58,26.18,56.06
54.55,1255.23,26.82,54.35
60.63,1218.29,25.57,44.72
71.73,1190.22,29.31,66.09
56.37,1073.62,26.28,54.49
47.87,1198.15,30.06,60.32
48.91,1116.72,26.35,53.29
65.95,1286.95,28.02,70.48
69.79,1345.08,26.63,52.15
74.17,1320.65,27.09,55.41
53.98,1160.1,27.65,54.51
66.0,1287.33,29.44,47.99
80.54,1262.91,27.87,58.8
50.45,1286.22,29.56,37.27
66.03,1130.7,25.07,68.03
53.02,1171.18,26.6,71.54
38.02,1105.99,29.99,69.86
58.76,1194.67,31.19,67.76
68.15,1275.74,26.9,53.72
63.97,1435.93,28.76,46.38
76.52,1407.64,28.37,66.73
46.66,1230.44,25.94,42.46
64.16,1521.73,23.32,54.74
67.69,1348.28,26.77,44.61
62.79,1253.43,22.62,64.56
71.5,1361.64,27.46,63.59
62.69,1385.78,26.41,65.5
63.85,1334.77,24.46,57.3
50.02,1199.02,25.37,46.47
85.5,1533.99,30.84,45.22
60.86,1200.79,25.61,47.65
74.88,1342.68,29.14,59.83
87.64,1319.86,29.52,64.17
48.32,1322.17,27.67,53.18
50.11,1193.04,31.1,55.01
69.39,1283.66,25.44,63.66
43.81,1185.81,27.07,55.89
57.85,1320.92,28.39,60.88
48.17,1218.12,29.39,62.16
43.53,1245.75,23.04,55.38
82.77,1338.03,25.33,61.11
41.49,1156.81,28.19,49.93
57.17,1345.38,27.84,57.13
55.93,1309.26,26.75,58.66
54.04,1255.58,25.02,54.72
50.27,1162.22,27.52,56.7
69.39,1312.48,27.82,59.41
65.34,1260.63,27.3,57.91
60.09,1133.51,27.32,72.7
55.68,1220.15,27.75,57.5
74.31,1270.93,28.46,59.72
58.29,1318.57,29.06,61.98
46.28,1297.03,26.87,55.58
60.88,1292.37,29.38,54.33
46.57,1201.34,27.36,64.83
67.24,1268.14,31.97,57.12
75.3,1364.39,28.07,61.72
74.62,1457.68,28.74,52.48
53.14,1292.3,28.87,53.22
72.78,1480.12,25.17,48.3
58.32,1316.19,25.95,65.82
65.09,1328.6,24.13,44.47
63.37,1146.25,29.03,53.73
98.92,1679.22,26.64,54.15
71.95,1495.99,23.72,40.71
52.54,1309.3,27.99,63.56
45.6,1042.73,28.72,48.37
35.78,1190.5,28.59,54.02
54.51,1259.78,26.26,44.22
51.42,1298.82,27.64,56.34
48.06,1225.77,22.65,56.43
77.15,1267.8,25.83,57.63
75.03,1339.31,25.62,39.25
61.24,1469.57,27.55,54.82
63.86,1318.44,25.37,61.59
62.71,1314.95,25.05,65.43
67.98,1295.65,29.0,51.02
50.62,1192.3,23.46,58.77
38.03,1091.86,22.85,54.31
58.2,1264.85,24.91,45.62
65.57,1283.82,27.63,47.92
62.17,1415.13,28.17,51.7
63.09,1296.18,27.02,52.4
58.03,1307.11,25.01,46.87
43.34,1088.67,24.57,56.28
49.29,1287.52,27.07,39.25
67.86,1404.16,25.01,58.36
49.72,1256.42,24.47,40.66
55.41,1267.13,26.2,45.53
55.2,1297.55,26.91,56.46
51.96,1353.53,24.65,58.9
74.18,1409.39,26.59,50.77
72.43,1248.33,25.06,51.82
74.85,1404.64,25.06,52.52
52.63,1206.36,28.96,44.03
79.31,1462.79,29.18,51.3
58.2,1176.35,25.95,58.95
75.55,1289.19,26.27,53.79
43.25,1263.56,25.55,53.44
54.58,1209.74,26.99,53.28
55.54,1219.41,27.64,68.23
61.68,1388.08,24.22,56.26
46.83,1116.0,25.52,64.54
71.4,1376.44,23.93,53.43
63.62,1332.14,23.31,47.88
59.23,1339.06,22.61,53.7
61.72,1376.55,28.39,59.66
50.4,1099.36,26.21,63.01
76.72,1440.45,27.86,58.04
53.33,1256.23,30.34,47.46
79.38,1371.12,29.65,43.75
67.03,1276.21,24.17,56.75
72.11,1292.97,24.0,54.27
58.95,1338.62,28.9,54.52
82.27,1429.27,26.31,42.11
56.85,1257.33,28.92,58.7
45.85,1243.02,28.34,67.22
70.65,1414.12,27.12,58.11
74.99,1268.35,26.3,48.82
64.55,1421.17,25.81,35.88
55.05,1348.34,28.08,58.43
56.64,1180.88,28.03,48.33
86.21,1476.69,25.84,50.11
58.88,1275.26,29.23,56.49
51.22,1407.34,27.1,61.15
52.7,1292.56,27.62,39.88
84.18,1524.17,26.21,46.18
64.17,1327.79,27.71,56.53
66.07,1446.16,28.14,46.6
76.35,1513.0,33.3,46.01
62.91,1148.01,28.11,50.61
83.08,1353.44,23.62,51.23
36.29,1241.56,22.87,55.23
35.07,1149.71,30.29,57.89
95.43,267.45,11.18,97.5
4.19,2379.58,10.31,94.02
95.59,2460.64,40.95,14.25
96.66,323.44,10.5,18.03
98.5,2279.62,43.3,90.96
0.28,1915.22,40.4,12.73
95.08,2402.47,42.78,17.76
98.83,232.12,14.5,98.45
98.8,2237.83,13.78,15.44
1.63,288.57,10.65,19.79
95.17,276.43,41.77,14.52
0.67,2141.68,44.57,14.43
99.65,206.49,10.32,8.05
3.21,281.03,44.09,16.11
98.78,1893.34,39.6,8.46
96.77,2405.9,14.42,97.96
3.51,2453.78,13.31,16.25
99.55,271.94,41.2,9.42
3.49,2098.8,12.75,92.21
95.27,262.28,44.01,91.76
1.49,240.28,11.66,5.11
99.46,2046.32,38.68,96.36
0.2,1932.16,13.03,9.35
3.81,2490.68,11.95,94.87
4.63,210.1,39.0,9.86
2.02,2074.59,41.08,90.74
0.43,342.58,12.85,99.38
95.81,388.47,41.15,92.13
1.44,1867.89,43.97,90.59
98.47,2267.6,11.85,98.96
98.91,267.17,11.71,97.51
95.05,2159.0,42.0,98.73
97.92,2072.14,12.29,15.77
96.24,2386.21,12.22,92.67
95.26,364.35,11.58,90.07
97.06,304.5,11.21,17.75
95.32,1994.79,38.21,11.26
0.67,213.79,41.81,97.15
97.06,201.48,11.95,11.28
0.34,253.56,14.29,14.67
0.3,1958.09,13.47,98.62
98.64,370.36,42.27,93.97
2.84,2162.8,41.99,15.72
97.46,1887.23,11.61,13.31
4.34,2011.26,38.8,5.58
3.23,2376.62,10.41,9.45
3.46,2209.52,14.39,99.11
99.14,328.62,39.8,18.49
4.71,290.79,13.68,94.37
96.4,330.84,13.63,90.22
