day_of_week,hour,temperature,is_weekend,class_schedule,occupancy,previous_energy,energy
0,8,25.2,0,0,38.77,1285.6,789.19
0,8,22.2,0,0,16.45,1392.94,734.13
0,8,28.4,0,0,32.7,716.47,831.14
0,8,22.6,0,0,22.61,1119.81,709.83
0,8,26.0,0,0,22.28,1189.48,724.0
0,8,25.1,0,0,26.4,1328.14,718.32
0,8,22.8,0,0,27.86,1173.93,800.62
0,8,22.4,0,0,16.63,1459.11,665.78
0,8,33.5,0,0,35.21,943.69,997.46
0,8,26.2,0,0,18.05,1096.14,676.56
0,9,20.5,0,1,73.19,907.02,1336.78
0,9,27.3,0,1,65.93,847.88,1464.33
0,9,33.6,0,1,70.5,1451.6,1525.51
0,9,32.9,0,1,56.77,856.79,1458.2
0,9,20.6,0,1,61.51,1010.94,1404.95
0,9,25.0,0,1,60.62,1134.16,1256.9
0,9,22.0,0,1,71.04,759.64,1444.92
0,9,30.2,0,1,70.43,759.24,1527.42
0,9,25.0,0,1,57.32,1390.48,1152.89
0,9,20.9,0,1,61.22,960.15,1424.23
0,10,30.2,0,1,67.75,1409.77,1351.98
0,10,30.0,0,1,70.22,1149.02,1445.66
0,10,30.8,0,1,64.88,1118.19,1389.12
0,10,21.5,0,1,55.63,1209.13,1277.66
0,10,24.4,0,1,65.17,1426.05,1284.62
0,10,30.6,0,1,59.58,761.58,1256.0
0,10,24.1,0,1,58.22,1443.76,1307.41
0,10,32.2,0,1,71.07,849.26,1584.24
0,10,32.5,0,1,65.79,1345.95,1429.05
0,10,21.5,0,1,59.56,1041.69,1367.82
0,11,31.5,0,1,82.21,705.56,1357.8
0,11,23.1,0,1,67.4,970.09,1380.32
0,11,33.2,0,1,71.46,1115.03,1434.27
0,11,33.6,0,1,84.25,901.43,1730.31
0,11,27.0,0,1,71.02,927.87,1421.33
0,11,27.0,0,1,66.03,922.92,1338.63
0,11,32.7,0,1,69.79,815.92,1516.02
0,11,23.4,0,1,78.44,1309.3,1435.95
0,11,23.3,0,1,79.56,994.23,1559.43
0,11,27.5,0,1,66.81,1368.24,1498.33
0,12,24.5,0,1,68.73,732.62,1493.87
0,12,20.2,0,1,75.24,881.2,1528.82
0,12,29.0,0,1,68.49,1252.75,1472.54
0,12,21.9,0,1,71.82,790.78,1393.2
0,12,32.9,0,1,82.55,906.35,1677.38
0,12,27.8,0,1,75.59,893.48,1503.86
0,12,21.3,0,1,82.94,1420.33,1388.85
0,12,24.9,0,1,79.52,1417.69,1544.91
0,12,32.4,0,1,80.6,1213.63,1588.88
0,12,20.1,0,1,67.03,1230.8,1462.53
0,13,20.1,0,1,73.22,1138.99,1528.18
0,13,23.1,0,1,84.24,889.8,1593.46
0,13,24.6,0,1,84.93,1219.71,1522.4
0,13,28.0,0,1,71.87,994.17,1510.23
0,13,23.7,0,1,74.88,1478.41,1473.83
0,13,28.8,0,1,85.9,1102.11,1540.0
0,13,28.1,0,1,79.85,856.19,1423.26
0,13,20.3,0,1,82.91,841.69,1596.95
0,13,33.2,0,1,89.08,1431.89,1640.7
0,13,33.5,0,1,89.27,1382.41,1715.91
0,14,24.1,0,1,77.7,1380.91,1349.03
0,14,27.8,0,1,88.72,1256.82,1525.75
0,14,28.0,0,1,71.94,1192.01,1520.14
0,14,30.4,0,1,83.94,1261.99,1571.63
0,14,25.0,0,1,75.87,1347.49,1446.33
0,14,32.8,0,1,80.23,1101.21,1594.39
0,14,31.2,0,1,83.0,1261.57,1590.58
0,14,24.7,0,1,77.51,775.19,1444.69
0,14,28.1,0,1,70.72,1072.48,1284.17
0,14,28.3,0,1,70.61,729.88,1457.96
0,15,31.5,0,1,67.2,801.65,1574.96
0,15,23.0,0,1,72.46,768.28,1404.95
0,15,20.7,0,1,70.63,1132.51,1523.59
0,15,33.7,0,1,70.33,958.37,1574.41
0,15,31.1,0,1,65.42,1051.18,1368.09
0,15,22.4,0,1,63.13,900.19,1461.93
0,15,27.7,0,1,74.29,1228.16,1480.02
0,15,28.6,0,1,68.39,898.18,1548.24
0,15,25.0,0,1,75.16,711.51,1397.26
0,15,21.4,0,1,69.83,1078.78,1547.42
0,16,22.4,0,1,68.68,1018.8,1496.86
0,16,20.6,0,1,67.49,1200.69,1496.8
0,16,27.0,0,1,77.13,1226.95,1445.84
0,16,28.2,0,1,78.8,1160.38,1498.31
0,16,25.4,0,1,72.87,1066.6,1458.87
0,16,25.4,0,1,79.22,1424.28,1460.47
0,16,22.7,0,1,61.39,780.62,1271.68
0,16,24.5,0,1,76.9,718.62,1439.29
0,16,31.4,0,1,65.64,794.53,1512.26
0,16,32.3,0,1,74.7,1342.78,1638.32
0,17,23.9,0,1,39.44,1300.49,973.97
0,17,30.9,0,1,43.52,1444.61,1154.02
0,17,32.0,0,1,45.72,1300.7,1253.17
0,17,32.6,0,1,47.63,1361.17,1330.98
0,17,24.5,0,1,57.39,1011.36,1244.92
0,17,33.3,0,1,58.77,1158.75,1360.57
0,17,28.8,0,1,46.21,934.57,1338.08
0,17,30.5,0,1,54.79,1331.69,1240.08
0,17,21.3,0,1,47.36,746.05,1052.18
0,17,32.4,0,1,43.77,793.65,1417.82
0,18,22.0,0,0,54.04,1194.57,977.64
0,18,31.5,0,0,52.66,765.08,1100.05
0,18,21.2,0,0,59.67,999.42,1161.68
0,18,33.3,0,0,59.65,1302.7,1128.51
0,18,25.3,0,0,37.09,1321.72,703.23
0,18,32.7,0,0,37.78,1094.1,1108.34
0,18,20.2,0,0,46.72,745.04,1082.42
0,18,28.2,0,0,59.05,999.9,1147.1
0,18,24.0,0,0,56.71,878.88,1009.29
0,18,33.9,0,0,36.84,1143.08,1071.94
1,8,33.6,0,0,28.08,1203.52,884.06
1,8,28.8,0,0,29.61,1420.93,1007.66
1,8,20.6,0,0,22.02,1460.33,768.32
1,8,28.7,0,0,21.93,850.5,874.08
1,8,26.5,0,0,23.83,1166.92,625.15
1,8,31.4,0,0,32.12,830.09,946.94
1,8,32.8,0,0,35.56,1459.84,1025.86
1,8,25.9,0,0,38.32,1392.85,1003.18
1,8,20.6,0,0,15.66,1001.17,749.91
1,8,25.3,0,0,39.25,1373.7,795.7
1,9,31.7,0,1,64.37,1031.86,1421.8
1,9,32.1,0,1,71.26,1499.77,1487.13
1,9,34.0,0,1,66.11,1315.19,1453.83
1,9,21.8,0,1,74.08,1184.94,1297.72
1,9,23.2,0,1,68.43,1194.5,1293.24
1,9,29.4,0,1,65.41,1317.85,1379.94
1,9,27.3,0,1,72.04,1141.53,1507.98
1,9,25.6,0,1,57.68,723.03,1298.73
1,9,30.6,0,1,67.41,1263.26,1403.56
1,9,20.2,0,1,62.01,1171.93,1325.71
1,10,25.5,0,1,63.75,1423.33,1348.51
1,10,31.0,0,1,62.93,1197.67,1234.78
1,10,32.1,0,1,73.99,817.66,1512.25
1,10,23.6,0,1,64.18,1484.03,1383.17
1,10,26.9,0,1,61.58,1206.72,1326.27
1,10,21.8,0,1,57.56,821.52,1287.46
1,10,21.9,0,1,67.82,845.5,1433.83
1,10,26.6,0,1,68.35,837.86,1362.55
1,10,22.7,0,1,55.82,835.15,1200.8
1,10,21.2,0,1,57.41,1068.62,1256.58
1,11,22.9,0,1,72.29,1102.73,1386.63
1,11,31.2,0,1,77.56,765.41,1531.83
1,11,32.2,0,1,83.42,748.86,1658.45
1,11,30.5,0,1,68.69,867.48,1397.39
1,11,25.2,0,1,74.69,1194.6,1365.4
1,11,30.5,0,1,65.73,901.95,1248.0
1,11,30.0,0,1,82.9,1109.34,1475.45
1,11,26.3,0,1,75.65,893.98,1446.08
1,11,23.8,0,1,72.55,716.06,1298.46
1,11,24.6,0,1,67.4,1412.42,1295.81
1,12,28.3,0,1,78.58,1331.34,1423.24
1,12,27.5,0,1,76.74,1296.35,1466.13
1,12,26.0,0,1,67.55,927.02,1482.07
1,12,28.0,0,1,72.12,1489.21,1332.2
1,12,28.5,0,1,69.74,781.43,1388.81
1,12,22.2,0,1,68.73,928.08,1326.77
1,12,22.4,0,1,82.94,764.19,1287.26
1,12,33.8,0,1,67.24,1018.28,1539.7
1,12,33.6,0,1,82.31,1353.66,1544.56
1,12,29.4,0,1,83.59,1145.41,1507.09
1,13,28.0,0,1,75.6,1315.59,1419.63
1,13,26.0,0,1,80.15,893.93,1391.05
1,13,21.6,0,1,82.21,930.9,1402.57
1,13,26.7,0,1,80.65,741.46,1507.13
1,13,24.7,0,1,72.69,750.7,1343.85
1,13,29.5,0,1,85.2,1176.51,1624.96
1,13,26.6,0,1,78.24,979.09,1478.47
1,13,22.5,0,1,71.33,1292.9,1400.29
1,13,28.0,0,1,86.84,811.82,1507.13
1,13,22.3,0,1,73.29,1351.66,1458.85
1,14,29.3,0,1,80.46,987.06,1501.57
1,14,31.4,0,1,78.78,1001.56,1617.07
1,14,26.5,0,1,76.03,1298.09,1319.3
1,14,32.6,0,1,77.68,1134.84,1551.71
1,14,32.7,0,1,82.48,793.52,1603.59
1,14,24.7,0,1,72.79,1335.22,1438.3
1,14,28.7,0,1,80.67,1415.11,1476.86
1,14,24.4,0,1,74.97,1295.16,1438.06
1,14,20.5,0,1,81.4,1309.97,1475.88
1,14,31.5,0,1,72.21,1377.16,1556.53
1,15,21.8,0,1,67.95,1337.84,1342.37
1,15,30.1,0,1,74.4,1212.92,1442.49
1,15,29.7,0,1,70.85,901.44,1367.67
1,15,32.7,0,1,71.67,1020.68,1462.81
1,15,26.5,0,1,78.95,822.68,1483.51
1,15,28.6,0,1,60.36,1397.7,1563.38
1,15,33.0,0,1,71.3,1257.32,1522.77
1,15,22.1,0,1,71.53,1185.37,1436.08
1,15,25.9,0,1,74.73,1447.49,1419.11
1,15,21.6,0,1,79.7,1371.12,1536.06
1,16,21.7,0,1,78.42,1395.92,1664.93
1,16,25.6,0,1,61.1,968.16,1354.68
1,16,31.2,0,1,60.09,966.8,1456.92
1,16,32.9,0,1,66.93,977.56,1283.26
1,16,30.3,0,1,69.04,879.68,1356.82
1,16,22.5,0,1,69.97,1035.14,1370.32
1,16,32.8,0,1,67.25,1164.47,1388.61
1,16,33.5,0,1,62.97,1031.7,1487.62
1,16,21.2,0,1,79.94,1101.76,1427.29
1,16,30.5,0,1,64.2,1418.44,1423.03
1,17,22.9,0,1,39.77,729.24,1340.23
1,17,20.9,0,1,54.39,1062.63,1193.04
1,17,27.3,0,1,46.02,1020.61,1123.45
1,17,22.5,0,1,56.54,1456.89,1291.15
1,17,25.2,0,1,41.77,1215.2,1123.2
1,17,22.2,0,1,52.9,1227.14,1244.63
1,17,20.4,0,1,40.55,884.86,1186.29
1,17,22.5,0,1,51.32,890.55,1222.62
1,17,21.4,0,1,41.08,1277.81,1186.41
1,17,25.6,0,1,51.7,863.99,1257.84
1,18,24.1,0,0,57.41,710.4,877.18
1,18,32.5,0,0,55.44,973.45,1262.16
1,18,23.6,0,0,44.49,1172.24,972.45
1,18,25.7,0,0,48.8,1048.9,852.87
1,18,24.1,0,0,58.71,1310.88,1098.94
1,18,31.2,0,0,45.63,717.98,1020.57
1,18,23.8,0,0,48.54,1206.78,891.5
1,18,31.7,0,0,59.61,1120.55,1108.93
1,18,22.4,0,0,41.81,714.71,778.09
1,18,27.8,0,0,51.29,1363.79,1061.43
2,8,22.9,0,0,15.27,809.51,818.34
2,8,29.3,0,0,19.38,1431.53,910.21
2,8,25.9,0,0,24.58,1115.13,747.29
2,8,28.4,0,0,21.13,1011.44,800.95
2,8,24.0,0,0,23.89,1275.24,787.05
2,8,26.7,0,0,31.59,1449.46,702.95
2,8,30.3,0,0,20.37,724.95,856.09
2,8,20.7,0,0,27.41,1177.47,697.24
2,8,24.7,0,0,34.27,785.28,849.07
2,8,26.9,0,0,32.21,1047.86,824.39
2,9,23.4,0,1,71.38,1339.53,1293.03
2,9,28.3,0,1,62.22,773.27,1436.61
2,9,32.8,0,1,57.74,1460.19,1288.34
2,9,27.6,0,1,72.46,1285.78,1415.57
2,9,31.3,0,1,68.18,1253.82,1418.61
2,9,26.9,0,1,59.42,1490.13,1369.53
2,9,33.2,0,1,55.79,1264.46,1449.79
2,9,20.5,0,1,68.95,937.88,1414.8
2,9,32.9,0,1,74.42,1455.41,1619.19
2,9,31.8,0,1,61.38,1363.13,1401.62
2,10,20.5,0,1,66.93,884.01,1304.5
2,10,30.1,0,1,56.31,952.23,1444.19
2,10,27.6,0,1,70.81,955.0,1489.94
2,10,28.6,0,1,59.66,719.52,1368.92
2,10,32.2,0,1,55.43,1399.76,1423.48
2,10,31.2,0,1,74.96,980.57,1511.43
2,10,30.7,0,1,63.04,1083.9,1478.4
2,10,33.8,0,1,70.37,1034.21,1535.03
2,10,25.9,0,1,69.75,891.02,1362.48
2,10,24.0,0,1,60.93,886.89,1223.03
2,11,20.6,0,1,65.36,1490.18,1219.17
2,11,29.5,0,1,69.37,1459.97,1340.83
2,11,31.0,0,1,66.79,1034.06,1624.08
2,11,22.3,0,1,84.82,885.34,1450.98
2,11,33.2,0,1,77.99,1186.19,1436.35
2,11,22.5,0,1,69.41,849.15,1383.69
2,11,30.9,0,1,72.0,746.27,1449.65
2,11,30.6,0,1,78.92,823.12,1436.48
2,11,31.4,0,1,69.49,879.05,1655.5
2,11,28.1,0,1,66.83,1401.97,1471.16
2,12,23.7,0,1,67.59,1411.0,1388.7
2,12,27.7,0,1,66.74,1026.76,1476.11
2,12,25.2,0,1,70.2,1278.74,1312.29
2,12,23.1,0,1,78.67,760.9,1442.16
2,12,31.9,0,1,74.9,1084.47,1614.17
2,12,24.9,0,1,78.56,1152.59,1469.43
2,12,23.7,0,1,82.57,1337.94,1539.72
2,12,32.1,0,1,79.17,1369.61,1588.57
2,12,29.8,0,1,78.6,1194.89,1463.89
2,12,32.3,0,1,82.44,723.4,1622.44
2,13,31.6,0,1,72.58,968.1,1439.46
2,13,31.5,0,1,86.64,1105.97,1645.24
2,13,20.1,0,1,75.74,1193.54,1466.4
2,13,23.6,0,1,82.68,1131.99,1474.64
2,13,30.9,0,1,72.14,1308.82,1523.66
2,13,24.8,0,1,82.65,1445.62,1477.06
2,13,21.4,0,1,88.74,1250.31,1534.05
2,13,29.9,0,1,71.35,1165.74,1426.9
2,13,24.8,0,1,82.42,736.59,1500.71
2,13,20.3,0,1,70.44,958.89,1376.98
2,14,26.8,0,1,85.41,1246.64,1389.19
2,14,34.0,0,1,78.52,1061.11,1545.67
2,14,22.3,0,1,85.9,1254.95,1602.42
2,14,23.8,0,1,89.02,820.85,1619.98
2,14,26.1,0,1,88.87,1035.78,1444.3
2,14,23.8,0,1,89.68,1027.47,1653.25
2,14,32.5,0,1,74.6,870.48,1530.23
2,14,25.2,0,1,87.29,1078.57,1497.95
2,14,33.6,0,1,73.71,1394.9,1590.3
2,14,31.8,0,1,85.22,1200.98,1656.57
2,15,21.8,0,1,60.65,1436.68,1418.14
2,15,26.7,0,1,62.35,800.15,1378.58
2,15,29.6,0,1,68.61,860.42,1373.58
2,15,28.1,0,1,65.38,1338.05,1383.4
2,15,24.3,0,1,69.1,709.3,1343.49
2,15,26.7,0,1,72.0,933.33,1361.45
2,15,29.7,0,1,77.2,1323.88,1501.19
2,15,21.5,0,1,64.84,1489.33,1310.55
2,15,22.0,0,1,69.98,1194.52,1431.81
2,15,20.1,0,1,66.53,1114.17,1533.26
2,16,21.2,0,1,67.01,726.56,1363.78
2,16,21.9,0,1,71.35,1251.57,1343.76
2,16,31.2,0,1,64.0,833.99,1442.06
2,16,29.9,0,1,60.63,1448.97,1309.67
2,16,20.7,0,1,70.83,1267.25,1447.57
2,16,31.2,0,1,66.79,1351.86,1496.83
2,16,21.1,0,1,77.9,1138.07,1450.83
2,16,29.0,0,1,70.53,1285.27,1544.61
2,16,21.1,0,1,61.21,897.68,1250.63
2,16,31.1,0,1,73.17,1098.56,1449.55
2,17,27.8,0,1,52.98,882.76,1190.61
2,17,29.5,0,1,36.8,724.52,1222.08
2,17,23.6,0,1,46.57,1394.62,1253.15
2,17,26.0,0,1,43.65,996.83,1249.04
2,17,33.8,0,1,36.0,1393.63,1110.08
2,17,30.2,0,1,47.17,1398.74,1430.47
2,17,32.6,0,1,45.54,921.46,1357.38
2,17,22.9,0,1,50.57,1205.25,1235.44
2,17,30.3,0,1,38.29,1272.66,1226.72
2,17,26.9,0,1,41.18,1396.6,1149.63
2,18,26.2,0,0,47.87,987.39,873.52
2,18,25.5,0,0,59.24,906.51,1071.92
2,18,29.2,0,0,43.13,1318.78,848.57
2,18,21.0,0,0,39.24,1115.82,887.16
2,18,24.7,0,0,55.72,1044.71,1058.19
2,18,29.9,0,0,39.18,834.1,840.55
2,18,20.5,0,0,53.41,1231.04,1126.94
2,18,31.3,0,0,49.63,1394.62,1049.41
2,18,22.9,0,0,37.8,915.8,872.75
2,18,33.1,0,0,35.98,797.69,919.37
3,8,26.3,0,0,38.35,952.92,844.17
3,8,22.1,0,0,39.67,1472.09,896.57
3,8,20.1,0,0,38.8,1211.3,908.18
3,8,27.2,0,0,27.22,1233.49,902.64
3,8,22.0,0,0,15.75,946.34,630.92
3,8,29.4,0,0,39.25,775.12,996.52
3,8,29.4,0,0,26.09,1394.51,883.53
3,8,31.7,0,0,38.62,1246.6,901.05
3,8,27.0,0,0,30.45,1395.12,802.66
3,8,33.0,0,0,32.24,1241.21,948.31
3,9,23.0,0,1,68.18,1015.09,1298.69
3,9,29.2,0,1,74.99,738.57,1501.64
3,9,33.7,0,1,63.14,1396.6,1477.85
3,9,30.3,0,1,72.57,1023.31,1589.88
3,9,24.6,0,1,68.35,1346.28,1413.53
3,9,26.1,0,1,71.36,796.17,1453.19
3,9,27.6,0,1,55.12,959.67,1192.68
3,9,29.7,0,1,62.77,1058.95,1256.17
3,9,23.3,0,1,62.47,881.82,1323.8
3,9,29.4,0,1,67.39,1070.8,1364.11
3,10,25.3,0,1,72.27,1115.27,1361.29
3,10,24.8,0,1,62.6,1019.06,1311.24
3,10,28.1,0,1,65.67,1186.32,1441.27
3,10,30.1,0,1,74.11,714.59,1530.42
3,10,22.7,0,1,55.15,1217.98,1240.5
3,10,33.0,0,1,56.21,1447.55,1416.01
3,10,24.9,0,1,57.03,1088.7,1200.08
3,10,24.3,0,1,71.06,1131.33,1294.24
3,10,24.4,0,1,67.21,1272.92,1295.39
3,10,21.7,0,1,58.62,1244.89,1176.54
3,11,22.5,0,1,75.5,1267.24,1439.36
3,11,23.6,0,1,84.26,1086.84,1405.09
3,11,31.3,0,1,76.0,734.73,1555.29
3,11,28.4,0,1,81.38,1407.37,1528.21
3,11,23.2,0,1,69.24,1188.78,1457.88
3,11,32.6,0,1,72.07,889.5,1481.48
3,11,30.9,0,1,70.5,1358.09,1613.03
3,11,21.3,0,1,77.48,1061.41,1394.06
3,11,28.2,0,1,68.36,1289.5,1381.55
3,11,21.3,0,1,65.47,1213.58,1400.57
3,12,28.5,0,1,75.93,885.56,1591.73
3,12,27.0,0,1,84.76,809.15,1388.22
3,12,29.7,0,1,73.09,1042.56,1548.3
3,12,33.9,0,1,67.57,783.29,1577.37
3,12,30.1,0,1,76.57,919.33,1415.98
3,12,25.0,0,1,66.39,1115.25,1289.2
3,12,20.9,0,1,81.01,886.97,1577.04
3,12,29.1,0,1,75.66,959.47,1490.46
3,12,24.7,0,1,78.39,1495.31,1493.22
3,12,30.2,0,1,74.3,748.11,1643.16
3,13,27.9,0,1,89.15,840.24,1492.46
3,13,27.5,0,1,71.93,1060.3,1478.32
3,13,30.6,0,1,76.95,1231.93,1471.9
3,13,22.1,0,1,89.85,1441.6,1434.73
3,13,27.6,0,1,86.84,1116.77,1488.79
3,13,30.6,0,1,72.55,1360.85,1497.46
3,13,30.9,0,1,84.17,728.93,1491.25
3,13,25.0,0,1,71.75,1449.57,1317.84
3,13,27.8,0,1,76.11,1017.59,1638.34
3,13,27.2,0,1,88.39,1097.57,1464.59
3,14,33.9,0,1,87.03,866.81,1609.64
3,14,32.3,0,1,87.36,1344.74,1716.69
3,14,31.1,0,1,76.09,764.74,1420.22
3,14,29.7,0,1,76.92,1480.49,1472.63
3,14,29.0,0,1,86.45,806.02,1763.79
3,14,30.7,0,1,73.5,1102.05,1464.46
3,14,25.6,0,1,72.93,994.03,1448.04
3,14,26.1,0,1,76.24,1104.91,1445.71
3,14,26.2,0,1,72.11,1212.66,1453.12
3,14,29.1,0,1,73.04,749.08,1358.22
3,15,30.9,0,1,69.2,746.53,1411.98
3,15,21.7,0,1,66.07,780.84,1330.15
3,15,29.7,0,1,61.25,1107.54,1252.72
3,15,28.7,0,1,70.54,1040.87,1507.82
3,15,21.8,0,1,77.73,1059.83,1414.29
3,15,25.8,0,1,76.55,1286.89,1345.72
3,15,30.8,0,1,60.22,1032.92,1352.44
3,15,23.6,0,1,75.21,809.69,1406.43
3,15,27.5,0,1,64.3,709.7,1287.4
3,15,27.7,0,1,69.09,1375.49,1405.73
3,16,21.4,0,1,69.76,820.04,1490.58
3,16,26.7,0,1,67.52,1015.58,1311.61
3,16,26.4,0,1,75.7,1413.67,1532.99
3,16,26.1,0,1,65.09,1372.7,1262.58
3,16,20.5,0,1,78.04,1069.18,1589.63
3,16,32.5,0,1,72.73,1191.15,1606.53
3,16,20.9,0,1,70.37,820.14,1416.54
3,16,29.5,0,1,60.83,767.83,1506.94
3,16,30.0,0,1,61.44,757.01,1317.33
3,16,24.2,0,1,66.99,1319.72,1442.86
3,17,29.3,0,1,39.63,839.29,1219.14
3,17,30.7,0,1,41.63,716.76,1176.88
3,17,21.2,0,1,59.2,936.36,1364.14
3,17,25.3,0,1,40.14,797.11,1245.53
3,17,28.6,0,1,54.37,1215.12,1257.26
3,17,33.6,0,1,54.97,934.26,1386.83
3,17,33.7,0,1,50.05,1165.94,1405.54
3,17,29.2,0,1,38.2,970.61,1231.09
3,17,33.0,0,1,40.62,997.73,1120.9
3,17,28.6,0,1,58.58,892.55,1181.78
3,18,21.7,0,0,39.94,1409.54,796.75
3,18,31.4,0,0,56.53,1377.21,1186.31
3,18,32.9,0,0,41.31,1304.03,1111.05
3,18,30.2,0,0,54.41,1224.93,1067.09
3,18,22.5,0,0,48.63,1487.74,953.96
3,18,30.2,0,0,55.44,870.81,1079.69
3,18,27.1,0,0,56.02,1286.24,1228.67
3,18,27.1,0,0,42.44,1152.02,1022.04
3,18,29.6,0,0,56.83,1209.03,1038.87
3,18,26.5,0,0,35.23,897.34,907.61
4,8,30.2,0,0,39.8,779.34,1064.4
4,8,22.9,0,0,28.88,1286.46,763.69
4,8,28.6,0,0,19.7,984.31,798.84
4,8,20.1,0,0,34.02,728.25,997.08
4,8,30.4,0,0,20.06,1466.46,690.51
4,8,22.1,0,0,22.64,1401.32,671.12
4,8,33.9,0,0,24.21,1058.89,939.29
4,8,28.3,0,0,24.79,1030.1,839.9
4,8,29.7,0,0,15.08,1195.67,849.47
4,8,21.3,0,0,29.71,1084.78,782.3
4,9,29.0,0,1,56.3,1163.99,1474.28
4,9,28.4,0,1,68.53,1343.99,1565.16
4,9,23.8,0,1,71.5,1098.6,1464.28
4,9,29.9,0,1,70.77,1113.82,1402.74
4,9,26.2,0,1,57.95,962.55,1229.13
4,9,23.1,0,1,66.96,1288.53,1338.4
4,9,34.0,0,1,73.66,1214.05,1688.24
4,9,31.0,0,1,57.37,1027.92,1277.8
4,9,31.8,0,1,62.68,1157.5,1318.15
4,9,25.1,0,1,61.69,720.96,1337.91
4,10,20.3,0,1,71.63,918.46,1276.89
4,10,33.2,0,1,60.19,1043.73,1433.11
4,10,32.2,0,1,71.84,848.88,1482.34
4,10,26.8,0,1,57.67,764.48,1414.6
4,10,30.2,0,1,64.93,1049.48,1484.45
4,10,22.2,0,1,67.2,808.28,1426.88
4,10,30.5,0,1,68.14,1465.29,1364.5
4,10,23.5,0,1,73.13,899.64,1321.1
4,10,23.8,0,1,70.19,1059.79,1322.42
4,10,20.9,0,1,73.13,811.4,1430.41
4,11,27.5,0,1,73.22,977.87,1458.04
4,11,27.8,0,1,83.74,741.81,1533.88
4,11,25.9,0,1,70.2,1284.66,1301.29
4,11,27.9,0,1,74.28,1477.6,1498.09
4,11,28.5,0,1,71.99,791.28,1409.28
4,11,23.5,0,1,82.01,1148.98,1420.25
4,11,27.3,0,1,67.3,1388.11,1364.22
4,11,29.9,0,1,75.87,765.38,1507.65
4,11,26.4,0,1,74.69,832.62,1397.68
4,11,25.8,0,1,78.02,1136.35,1611.96
4,12,20.9,0,1,75.25,1345.12,1396.72
4,12,31.0,0,1,69.03,906.9,1452.51
4,12,22.3,0,1,71.6,1305.4,1282.64
4,12,32.3,0,1,82.59,1396.46,1592.83
4,12,23.3,0,1,74.02,1487.99,1397.81
4,12,32.7,0,1,75.77,1098.25,1477.82
4,12,21.5,0,1,78.14,1357.68,1567.34
4,12,33.5,0,1,69.08,1118.66,1449.65
4,12,24.0,0,1,80.86,1162.07,1541.91
4,12,25.5,0,1,83.3,1126.42,1531.85
4,13,22.2,0,1,83.92,1334.61,1565.05
4,13,32.7,0,1,75.54,1486.82,1500.58
4,13,22.0,0,1,74.04,847.38,1446.16
4,13,22.1,0,1,78.81,1192.24,1519.82
4,13,21.2,0,1,87.65,1342.88,1584.89
4,13,25.8,0,1,89.68,1234.34,1544.92
4,13,28.9,0,1,73.32,1405.54,1364.93
4,13,20.2,0,1,81.2,1121.92,1486.14
4,13,30.1,0,1,87.81,763.53,1529.51
4,13,32.0,0,1,86.38,1132.64,1658.77
4,14,29.9,0,1,76.29,1076.93,1485.56
4,14,25.0,0,1,79.88,1362.6,1558.55
4,14,24.7,0,1,73.48,1269.61,1353.08
4,14,24.9,0,1,79.01,1299.06,1412.7
4,14,29.1,0,1,82.42,981.9,1527.61
4,14,33.7,0,1,82.68,801.01,1704.97
4,14,29.5,0,1,76.5,1249.06,1462.35
4,14,31.7,0,1,75.59,1214.31,1562.13
4,14,29.7,0,1,80.25,944.25,1609.82
4,14,33.1,0,1,87.42,1312.85,1530.55
4,15,31.0,0,1,73.3,908.23,1513.21
4,15,27.8,0,1,62.22,1057.64,1406.79
4,15,26.4,0,1,77.29,1137.32,1474.57
4,15,21.6,0,1,68.45,733.62,1378.53
4,15,30.4,0,1,78.36,924.03,1488.07
4,15,32.8,0,1,75.08,1343.93,1592.68
4,15,20.3,0,1,79.26,1281.34,1560.64
4,15,23.9,0,1,77.46,790.06,1379.0
4,15,29.9,0,1,70.81,777.23,1304.2
4,15,28.4,0,1,65.94,939.94,1369.86
4,16,30.4,0,1,60.96,1422.32,1417.97
4,16,28.3,0,1,77.85,848.26,1559.2
4,16,21.1,0,1,64.79,1335.66,1368.47
4,16,33.9,0,1,77.11,1117.16,1528.04
4,16,20.9,0,1,76.63,1179.18,1480.73
4,16,31.6,0,1,77.58,1157.42,1585.99
4,16,27.2,0,1,68.61,953.56,1514.79
4,16,28.4,0,1,77.85,1054.7,1460.64
4,16,28.5,0,1,72.63,1173.36,1367.36
4,16,27.2,0,1,62.08,1007.61,1407.31
4,17,26.8,0,1,51.31,1460.42,1370.77
4,17,27.1,0,1,50.85,756.75,1302.21
4,17,23.6,0,1,44.05,1077.99,1140.76
4,17,22.7,0,1,50.27,924.55,1056.23
4,17,22.9,0,1,47.91,704.4,1286.57
4,17,28.0,0,1,47.82,934.79,1196.33
4,17,33.0,0,1,44.93,769.67,1223.51
4,17,24.8,0,1,47.69,1399.38,1214.98
4,17,26.9,0,1,52.56,1494.25,1232.02
4,17,25.5,0,1,45.55,1028.82,1134.63
4,18,32.7,0,0,52.85,1186.32,1177.01
4,18,33.4,0,0,55.53,701.25,1091.85
4,18,28.9,0,0,36.28,906.09,925.32
4,18,29.6,0,0,37.86,1007.07,887.72
4,18,26.4,0,0,44.23,796.82,1061.52
4,18,21.0,0,0,37.0,983.82,851.76
4,18,33.2,0,0,51.71,1242.94,1195.81
4,18,20.1,0,0,50.9,1430.63,877.0
4,18,28.6,0,0,56.84,1279.18,1078.41
4,18,22.0,0,0,35.29,1037.63,802.76
5,8,24.1,1,0,22.15,1161.76,371.95
5,8,30.2,1,0,26.31,1376.48,712.07
5,8,29.7,1,0,20.75,1238.37,525.98
5,8,31.0,1,0,21.16,1338.7,536.72
5,8,31.5,1,0,31.44,1433.31,568.47
5,8,28.2,1,0,19.28,1180.86,511.78
5,8,29.9,1,0,27.21,999.64,635.92
5,8,22.0,1,0,32.25,976.7,540.86
5,8,22.2,1,0,10.64,1216.66,349.08
5,8,21.0,1,0,20.24,948.97,653.99
5,9,29.5,1,0,25.14,991.67,784.97
5,9,22.0,1,0,22.14,722.03,520.15
5,9,27.1,1,0,34.1,1007.37,581.45
5,9,20.3,1,0,28.91,1066.82,607.8
5,9,24.0,1,0,32.5,792.91,602.54
5,9,32.4,1,0,25.07,1361.37,694.91
5,9,33.8,1,0,17.21,1468.91,511.51
5,9,24.8,1,0,23.54,823.32,431.38
5,9,27.8,1,0,23.54,1309.52,577.81
5,9,24.2,1,0,16.48,855.7,583.08
5,10,20.8,1,0,18.56,916.2,551.38
5,10,24.9,1,0,24.51,811.36,599.11
5,10,26.2,1,0,25.66,1091.12,611.6
5,10,28.0,1,0,25.52,861.05,686.09
5,10,25.5,1,0,10.99,1080.44,338.43
5,10,33.5,1,0,32.74,1277.71,773.66
5,10,27.5,1,0,31.75,804.52,627.55
5,10,31.1,1,0,16.89,1401.67,614.06
5,10,33.2,1,0,13.72,1070.14,596.68
5,10,32.1,1,0,24.72,1000.26,700.49
5,11,24.0,1,0,15.08,1309.44,489.88
5,11,26.9,1,0,24.43,1392.46,395.38
5,11,33.7,1,0,20.19,1362.02,690.19
5,11,33.4,1,0,15.01,787.41,730.45
5,11,32.0,1,0,20.98,1377.58,627.01
5,11,27.1,1,0,25.66,1441.11,682.1
5,11,20.3,1,0,21.92,1250.18,657.03
5,11,21.9,1,0,17.48,986.97,609.47
5,11,31.3,1,0,16.97,868.56,552.4
5,11,20.2,1,0,28.45,1367.32,703.1
5,12,30.4,1,0,13.57,1302.74,610.34
5,12,30.7,1,0,31.15,1190.88,794.28
5,12,21.2,1,0,22.19,762.12,438.3
5,12,20.9,1,0,18.72,788.8,415.66
5,12,31.3,1,0,33.69,757.85,731.45
5,12,24.2,1,0,11.92,1100.5,497.06
5,12,31.1,1,0,27.68,740.18,665.01
5,12,24.1,1,0,15.81,924.8,421.21
5,12,31.2,1,0,33.23,1024.08,701.57
5,12,26.7,1,0,15.65,1212.38,566.37
5,13,33.7,1,0,25.09,986.25,627.82
5,13,32.4,1,0,22.58,1059.48,683.42
5,13,28.2,1,0,25.62,757.42,529.53
5,13,30.0,1,0,30.56,1343.17,747.08
5,13,27.7,1,0,23.0,814.3,530.43
5,13,27.0,1,0,17.11,807.06,603.05
5,13,28.8,1,0,11.36,1298.92,462.77
5,13,23.9,1,0,27.67,750.15,574.13
5,13,31.8,1,0,10.1,897.46,479.09
5,13,21.4,1,0,19.01,916.31,631.09
5,14,31.8,1,0,17.83,1331.15,596.9
5,14,32.7,1,0,19.43,1471.26,711.56
5,14,21.3,1,0,27.18,1095.05,733.41
5,14,29.9,1,0,10.11,833.56,413.12
5,14,30.0,1,0,26.66,1472.84,568.85
5,14,21.5,1,0,29.55,1215.32,708.54
5,14,20.7,1,0,19.0,1465.44,324.91
5,14,26.4,1,0,15.22,994.97,509.13
5,14,25.2,1,0,11.31,1314.05,557.28
5,14,31.9,1,0,15.3,1225.88,565.29
5,15,26.6,1,0,32.0,872.59,722.71
5,15,24.1,1,0,13.42,1221.31,587.0
5,15,30.3,1,0,17.89,1215.87,711.47
5,15,22.8,1,0,32.26,929.93,565.13
5,15,25.1,1,0,11.45,789.21,318.61
5,15,31.7,1,0,10.37,1003.28,557.96
5,15,24.7,1,0,10.48,799.49,426.92
5,15,25.7,1,0,23.27,1176.11,350.58
5,15,20.1,1,0,21.6,1470.8,742.75
5,15,24.4,1,0,29.35,1318.34,608.1
5,16,27.3,1,0,34.4,800.44,655.69
5,16,23.7,1,0,10.44,934.65,453.39
5,16,30.8,1,0,22.95,978.48,714.69
5,16,33.6,1,0,31.18,718.88,635.3
5,16,32.6,1,0,29.58,1324.3,533.76
5,16,24.2,1,0,11.64,882.59,371.24
5,16,23.5,1,0,22.1,1297.96,478.71
5,16,33.4,1,0,33.57,1328.15,756.25
5,16,33.9,1,0,23.61,1470.21,670.94
5,16,23.2,1,0,14.9,812.64,429.17
5,17,28.7,1,0,29.53,1162.64,682.82
5,17,28.9,1,0,19.7,1239.3,551.57
5,17,23.6,1,0,18.63,1433.99,484.0
5,17,32.5,1,0,27.69,749.76,552.19
5,17,22.1,1,0,10.2,1204.74,372.94
5,17,33.4,1,0,23.24,893.51,664.47
5,17,27.0,1,0,26.99,760.99,678.25
5,17,26.4,1,0,23.66,1046.25,525.9
5,17,20.6,1,0,14.14,1056.43,549.98
5,17,23.4,1,0,34.02,857.54,660.81
5,18,33.3,1,0,34.87,1269.38,772.3
5,18,23.6,1,0,20.92,1174.85,549.95
5,18,21.0,1,0,25.56,1484.94,643.37
5,18,32.7,1,0,33.59,1468.11,702.75
5,18,27.3,1,0,34.43,1305.85,668.17
5,18,30.1,1,0,16.18,1212.49,471.5
5,18,29.3,1,0,14.07,1152.07,541.53
5,18,20.2,1,0,10.23,985.62,613.79
5,18,33.0,1,0,15.72,1207.49,555.08
5,18,31.9,1,0,28.22,776.32,607.54
6,8,26.0,1,0,10.73,1084.71,402.14
6,8,24.0,1,0,19.95,1435.62,536.69
6,8,33.9,1,0,11.12,1308.81,479.95
6,8,30.6,1,0,32.96,1460.74,584.42
6,8,28.1,1,0,18.93,1330.04,595.44
6,8,25.0,1,0,26.42,892.32,449.96
6,8,22.7,1,0,32.96,781.44,511.05
6,8,20.5,1,0,10.9,840.18,492.31
6,8,32.1,1,0,17.06,1460.37,484.78
6,8,28.1,1,0,22.92,1307.02,753.51
6,9,24.0,1,0,18.83,1415.28,613.49
6,9,26.7,1,0,22.44,863.74,537.58
6,9,28.3,1,0,14.65,965.25,502.43
6,9,21.0,1,0,11.73,1452.63,524.31
6,9,27.1,1,0,20.24,1348.7,520.1
6,9,29.7,1,0,29.28,1223.72,746.34
6,9,22.1,1,0,31.9,1131.28,587.85
6,9,20.5,1,0,13.2,1312.44,374.74
6,9,20.0,1,0,20.41,1118.01,514.79
6,9,24.3,1,0,15.76,701.18,398.73
6,10,30.2,1,0,34.17,879.43,813.76
6,10,31.9,1,0,20.57,942.34,698.67
6,10,24.6,1,0,27.82,1353.42,544.7
6,10,32.6,1,0,30.17,1487.89,629.5
6,10,30.6,1,0,19.83,1172.51,559.76
6,10,27.6,1,0,27.73,833.86,644.15
6,10,30.9,1,0,24.59,1461.78,523.18
6,10,30.0,1,0,28.98,782.01,735.24
6,10,27.2,1,0,22.72,995.42,666.33
6,10,26.5,1,0,33.02,1255.68,731.34
6,11,30.2,1,0,31.54,919.26,652.46
6,11,24.8,1,0,18.39,1482.82,552.32
6,11,32.0,1,0,27.53,1281.65,740.92
6,11,26.9,1,0,19.51,830.43,556.64
6,11,31.0,1,0,28.36,1007.48,677.07
6,11,23.3,1,0,27.62,1353.7,617.86
6,11,27.7,1,0,34.18,741.33,824.44
6,11,32.1,1,0,14.48,1340.0,590.55
6,11,27.7,1,0,19.91,805.37,475.44
6,11,32.2,1,0,26.82,1337.35,606.57
6,12,23.5,1,0,25.62,1157.4,568.05
6,12,24.0,1,0,17.67,982.37,440.17
6,12,28.7,1,0,18.35,1286.16,512.49
6,12,31.0,1,0,17.14,1046.21,580.03
6,12,29.6,1,0,18.31,745.27,623.78
6,12,29.0,1,0,26.79,1205.83,627.02
6,12,22.8,1,0,20.46,1300.75,508.13
6,12,23.9,1,0,20.8,1484.29,475.66
6,12,20.9,1,0,22.97,843.49,701.33
6,12,29.9,1,0,20.57,977.22,553.98
6,13,25.6,1,0,16.61,864.27,367.06
6,13,24.0,1,0,26.42,1474.83,551.11
6,13,28.5,1,0,11.92,760.47,506.23
6,13,21.3,1,0,24.98,1198.92,605.16
6,13,29.1,1,0,16.69,712.09,655.17
6,13,28.5,1,0,17.82,916.88,641.18
6,13,28.4,1,0,31.65,1457.39,652.03
6,13,28.2,1,0,27.53,1244.09,655.37
6,13,25.7,1,0,10.38,1166.34,432.41
6,13,33.4,1,0,19.98,1371.84,520.92
6,14,22.6,1,0,26.81,1481.61,516.34
6,14,30.5,1,0,32.86,1047.22,699.14
6,14,23.6,1,0,20.86,1278.76,524.15
6,14,28.6,1,0,25.94,893.62,619.6
6,14,30.0,1,0,12.28,859.42,567.01
6,14,20.2,1,0,16.21,871.53,582.11
6,14,23.8,1,0,16.19,750.02,618.91
6,14,28.5,1,0,26.82,764.92,608.01
6,14,33.3,1,0,30.96,1344.07,625.16
6,14,28.6,1,0,28.57,1290.33,664.12
6,15,27.3,1,0,11.71,996.89,505.5
6,15,27.5,1,0,16.72,994.76,597.59
6,15,32.5,1,0,26.66,1329.91,862.1
6,15,23.5,1,0,27.64,1042.08,518.54
6,15,26.2,1,0,26.23,1449.02,554.54
6,15,20.3,1,0,17.53,1102.1,403.83
6,15,20.8,1,0,22.28,1441.69,596.38
6,15,25.7,1,0,26.38,908.19,556.44
6,15,22.2,1,0,14.01,756.39,532.51
6,15,32.3,1,0,30.35,1248.11,634.22
6,16,21.5,1,0,17.23,947.85,533.31
6,16,27.5,1,0,18.92,983.03,421.1
6,16,31.6,1,0,29.73,946.24,610.22
6,16,27.1,1,0,33.53,1401.06,555.65
6,16,21.4,1,0,19.82,1142.7,435.49
6,16,32.0,1,0,26.92,1370.33,686.53
6,16,32.0,1,0,28.71,1051.37,611.43
6,16,29.4,1,0,14.48,1255.16,575.57
6,16,23.2,1,0,12.94,832.23,474.48
6,16,22.3,1,0,12.09,715.3,611.78
6,17,22.3,1,0,32.27,893.23,571.3
6,17,23.1,1,0,22.98,1186.2,524.31
6,17,23.4,1,0,11.44,1012.83,391.59
6,17,33.4,1,0,25.41,1145.5,638.38
6,17,25.8,1,0,20.72,1132.72,629.66
6,17,22.4,1,0,22.5,1029.57,638.44
6,17,32.2,1,0,25.79,1126.0,699.43
6,17,21.6,1,0,18.43,814.27,460.09
6,17,29.7,1,0,15.16,1013.49,546.18
6,17,27.1,1,0,20.48,714.5,574.49
6,18,31.1,1,0,11.73,1079.4,712.6
6,18,29.6,1,0,16.33,707.98,641.33
6,18,30.1,1,0,23.39,1368.89,657.55
6,18,26.8,1,0,18.34,1333.25,565.79
6,18,26.3,1,0,14.59,1383.98,493.98
6,18,21.1,1,0,19.7,1342.83,632.94
6,18,32.6,1,0,15.09,753.58,577.64
6,18,27.6,1,0,34.2,753.25,752.87
6,18,29.1,1,0,11.85,1000.38,497.74
6,18,34.0,1,0,23.98,956.93,799.51
