day_of_week,hour,temperature,is_weekend,class_schedule,previous_occupancy,occupancy
0,8,25.2,0,0,42.01,43.96
0,8,22.2,0,0,26.8,19.57
0,8,20.3,0,0,36.9,38.07
0,8,22.5,0,0,20.79,9.68
0,8,26.0,0,0,17.22,23.04
0,8,24.1,0,0,31.49,21.81
0,8,22.8,0,0,25.13,26.2
0,8,28.5,0,0,16.26,18.85
0,8,29.6,0,0,25.94,23.07
0,8,20.5,0,0,41.85,29.6
0,9,24.4,0,1,58.76,64.89
0,9,33.6,0,1,74.19,74.49
0,9,21.2,0,1,58.34,54.82
0,9,25.4,0,1,58.12,63.86
0,9,23.9,0,1,67.47,62.76
0,9,21.0,0,1,71.35,74.18
0,9,20.1,0,1,76.46,71.58
0,9,30.8,0,1,52.28,57.14
0,9,32.1,0,1,65.07,69.27
0,9,24.4,0,1,65.57,65.63
0,10,32.4,0,1,66.25,64.56
0,10,30.7,0,1,66.05,74.33
0,10,27.3,0,1,63.99,62.5
0,10,24.4,0,1,64.07,65.3
0,10,25.7,0,1,66.07,67.45
0,10,33.0,0,1,75.74,75.48
0,10,31.3,0,1,59.22,64.76
0,10,31.3,0,1,69.41,73.76
0,10,23.2,0,1,65.02,62.69
0,10,20.1,0,1,58.14,60.08
0,11,21.7,0,1,70.95,70.72
0,11,27.3,0,1,80.35,78.91
0,11,33.5,0,1,60.44,73.18
0,11,24.0,0,1,66.04,74.09
0,11,20.7,0,1,69.61,68.63
0,11,22.0,0,1,80.5,75.3
0,11,23.3,0,1,86.58,72.11
0,11,28.9,0,1,70.76,74.4
0,11,20.6,0,1,69.06,73.89
0,11,29.0,0,1,63.89,75.69
0,12,33.1,0,1,63.83,69.51
0,12,32.9,0,1,86.61,80.57
0,12,31.4,0,1,68.07,79.04
0,12,21.3,0,1,84.24,83.22
0,12,24.7,0,1,74.59,72.02
0,12,32.4,0,1,77.2,84.23
0,12,22.3,0,1,84.44,77.76
0,12,20.1,0,1,77.55,66.66
0,12,29.1,0,1,64.61,73.68
0,12,24.6,0,1,84.75,80.38
0,13,29.2,0,1,80.14,79.45
0,13,23.7,0,1,74.49,74.59
0,13,32.5,0,1,82.69,91.19
0,13,28.1,0,1,82.98,76.97
0,13,23.9,0,1,65.13,70.87
0,13,33.2,0,1,87.96,95.03
0,13,20.2,0,1,90.93,84.88
0,13,33.5,0,1,82.83,84.25
0,13,31.9,0,1,77.41,73.81
0,13,33.1,0,1,79.5,87.59
0,14,28.6,0,1,90.09,86.03
0,14,32.3,0,1,90.23,91.68
0,14,25.0,0,1,78.45,76.93
0,14,32.1,0,1,90.84,100.0
0,14,31.2,0,1,87.77,87.7
0,14,32.5,0,1,72.9,78.56
0,14,28.1,0,1,82.29,63.8
0,14,24.0,0,1,79.46,84.67
0,14,21.8,0,1,76.87,80.56
0,14,28.7,0,1,71.93,69.95
0,15,27.6,0,1,62.62,73.79
0,15,31.1,0,1,61.45,67.01
0,15,20.4,0,1,81.78,79.42
0,15,25.7,0,1,61.09,60.2
0,15,27.7,0,1,67.99,78.31
0,15,33.4,0,1,85.37,82.09
0,15,25.9,0,1,71.29,61.57
0,15,20.2,0,1,64.54,62.02
0,15,26.6,0,1,45.75,57.66
0,15,22.4,0,1,76.84,60.66
0,16,28.9,0,1,68.11,56.11
0,16,27.0,0,1,72.22,78.98
0,16,21.0,0,1,73.2,68.31
0,16,33.2,0,1,79.44,69.66
0,16,26.4,0,1,70.15,72.97
0,16,33.5,0,1,79.51,78.87
0,16,21.0,0,1,63.43,66.78
0,16,21.7,0,1,78.43,72.51
0,16,30.3,0,1,71.92,75.48
0,16,30.5,0,1,76.03,78.36
0,17,25.2,0,1,57.15,52.7
0,17,32.0,0,1,49.85,51.48
0,17,21.4,0,1,64.09,54.85
0,17,24.5,0,1,59.01,55.62
0,17,33.3,0,1,45.24,60.86
0,17,24.1,0,1,49.01,44.93
0,17,31.1,0,1,54.68,53.2
0,17,20.8,0,1,53.61,45.05
0,17,24.9,0,1,39.99,34.62
0,17,28.7,0,1,38.75,36.35
0,18,21.0,0,0,53.19,53.47
0,18,21.2,0,0,52.43,51.14
0,18,31.4,0,0,55.09,60.03
0,18,30.9,0,0,53.25,50.27
0,18,21.6,0,0,47.22,43.46
0,18,20.8,0,0,39.58,31.56
0,18,30.4,0,0,49.04,52.89
0,18,24.0,0,0,57.84,55.27
0,18,21.0,0,0,48.97,47.84
0,18,28.8,0,0,63.16,50.22
1,8,28.2,0,0,48.48,34.9
1,8,23.9,0,0,9.08,16.05
1,8,28.2,0,0,18.65,25.05
1,8,24.3,0,0,30.85,35.96
1,8,32.8,0,0,28.96,45.79
1,8,33.1,0,0,42.55,37.82
1,8,33.8,0,0,10.19,27.58
1,8,33.6,0,0,35.48,44.3
1,8,25.8,0,0,21.86,21.42
1,8,30.8,0,0,36.37,43.01
1,9,26.3,0,1,58.18,59.29
1,9,23.2,0,1,60.76,71.64
1,9,21.6,0,1,76.19,66.19
1,9,27.3,0,1,82.35,79.21
1,9,32.3,0,1,66.3,71.19
1,9,29.9,0,1,64.55,53.67
1,9,25.5,0,1,62.4,65.87
1,9,27.2,0,1,78.82,65.25
1,9,32.1,0,1,65.47,76.32
1,9,26.4,0,1,64.26,73.94
1,10,28.9,0,1,61.64,56.99
1,10,22.5,0,1,61.6,63.48
1,10,29.3,0,1,55.8,56.42
1,10,22.5,0,1,56.24,50.38
1,10,22.9,0,1,72.11,60.38
1,10,20.6,0,1,67.49,68.64
1,10,32.2,0,1,72.86,75.13
1,10,31.3,0,1,67.31,69.81
1,10,25.2,0,1,57.11,69.26
1,10,26.5,0,1,72.83,70.94
1,11,27.2,0,1,75.0,71.92
1,11,27.5,0,1,66.07,64.41
1,11,20.3,0,1,68.21,63.77
1,11,21.7,0,1,91.25,83.69
1,11,31.0,0,1,75.36,73.52
1,11,28.2,0,1,74.72,79.75
1,11,24.0,0,1,76.89,78.4
1,11,25.0,0,1,77.74,85.98
1,11,21.4,0,1,64.8,63.31
1,11,22.6,0,1,70.94,65.18
1,12,25.7,0,1,83.45,80.37
1,12,33.6,0,1,79.43,88.63
1,12,22.4,0,1,78.87,79.08
1,12,28.0,0,1,67.29,73.38
1,12,24.5,0,1,65.37,72.45
1,12,21.6,0,1,80.41,67.87
1,12,22.2,0,1,71.36,72.41
1,12,24.7,0,1,72.72,64.23
1,12,23.6,0,1,81.28,82.7
1,12,26.6,0,1,76.12,72.22
1,13,31.6,0,1,91.16,89.18
1,13,33.1,0,1,74.06,76.05
1,13,28.0,0,1,88.52,85.69
1,13,22.8,0,1,75.25,69.49
1,13,29.3,0,1,84.82,80.31
1,13,25.5,0,1,76.14,81.55
1,13,26.5,0,1,76.12,82.48
1,13,23.3,0,1,92.14,77.3
1,13,32.7,0,1,75.09,89.91
1,13,21.9,0,1,89.04,92.41
1,14,32.5,0,1,83.48,85.12
1,14,23.5,0,1,85.24,81.22
1,14,30.7,0,1,92.72,87.35
1,14,21.5,0,1,85.58,80.26
1,14,31.2,0,1,76.78,71.41
1,14,30.1,0,1,84.89,91.88
1,14,23.5,0,1,68.02,81.15
1,14,26.5,0,1,90.35,84.19
1,14,27.1,0,1,82.78,85.18
1,14,29.8,0,1,84.5,91.74
1,15,28.1,0,1,80.1,70.64
1,15,33.1,0,1,73.56,81.06
1,15,33.8,0,1,77.06,84.55
1,15,28.3,0,1,67.19,66.92
1,15,31.2,0,1,55.03,55.57
1,15,27.5,0,1,71.95,73.47
1,15,30.3,0,1,67.75,64.68
1,15,22.0,0,1,50.04,60.81
1,15,32.8,0,1,76.49,74.65
1,15,20.2,0,1,71.93,65.44
1,16,21.2,0,1,92.8,77.27
1,16,20.9,0,1,75.99,71.37
1,16,22.9,0,1,63.65,59.59
1,16,27.9,0,1,60.04,67.78
1,16,27.3,0,1,75.05,60.67
1,16,22.2,0,1,56.6,58.13
1,16,29.0,0,1,72.85,74.26
1,16,20.4,0,1,68.05,56.62
1,16,20.3,0,1,59.46,60.69
1,16,29.1,0,1,63.56,64.31
1,17,30.1,0,1,54.59,62.58
1,17,29.4,0,1,43.09,40.09
1,17,20.2,0,1,38.77,28.73
1,17,25.9,0,1,54.7,60.96
1,17,23.6,0,1,36.71,45.22
1,17,28.7,0,1,34.83,52.87
1,17,24.1,0,1,55.99,58.86
1,17,32.2,0,1,47.76,50.39
1,17,26.0,0,1,37.1,28.22
1,17,28.9,0,1,42.3,41.66
1,18,33.8,0,0,45.44,48.43
1,18,20.3,0,0,58.84,50.59
1,18,23.8,0,0,54.0,49.14
1,18,22.9,0,0,36.56,37.16
1,18,28.4,0,0,42.42,47.21
1,18,27.3,0,0,38.76,33.42
1,18,21.2,0,0,47.02,41.55
1,18,24.0,0,0,39.01,46.61
1,18,27.9,0,0,49.37,48.09
1,18,30.3,0,0,37.5,42.51
2,8,26.9,0,0,35.67,27.06
2,8,21.5,0,0,16.7,21.21
2,8,29.6,0,0,29.41,24.92
2,8,31.2,0,0,35.48,28.19
2,8,25.1,0,0,16.92,18.82
2,8,22.6,0,0,30.45,28.79
2,8,31.3,0,0,35.64,35.46
2,8,23.5,0,0,29.38,26.32
2,8,22.5,0,0,23.79,31.16
2,8,32.9,0,0,39.08,44.95
2,9,32.1,0,1,76.58,72.38
2,9,20.5,0,1,64.75,62.44
2,9,21.1,0,1,75.2,62.4
2,9,20.9,0,1,68.54,59.04
2,9,24.5,0,1,68.85,69.83
2,9,23.3,0,1,55.9,57.9
2,9,33.1,0,1,68.39,79.66
2,9,26.7,0,1,65.32,73.21
2,9,25.9,0,1,67.65,68.07
2,9,25.0,0,1,55.72,56.67
2,10,20.6,0,1,55.18,53.09
2,10,25.4,0,1,73.51,66.94
2,10,33.2,0,1,58.73,68.98
2,10,33.9,0,1,60.47,65.05
2,10,28.5,0,1,62.07,63.88
2,10,23.1,0,1,55.54,61.53
2,10,20.8,0,1,81.48,69.0
2,10,29.7,0,1,55.32,61.96
2,10,23.1,0,1,73.48,70.97
2,10,21.3,0,1,69.49,68.15
2,11,32.4,0,1,85.54,88.15
2,11,29.2,0,1,75.13,73.92
2,11,25.2,0,1,70.03,76.47
2,11,21.1,0,1,66.82,67.35
2,11,31.9,0,1,87.54,75.23
2,11,31.5,0,1,75.37,81.59
2,11,23.7,0,1,85.53,85.36
2,11,31.9,0,1,86.45,86.82
2,11,29.8,0,1,85.51,82.6
2,11,22.2,0,1,81.78,80.8
2,12,24.7,0,1,81.71,77.15
2,12,31.6,0,1,76.1,77.64
2,12,28.8,0,1,73.42,79.75
2,12,30.9,0,1,68.39,75.4
2,12,33.5,0,1,74.88,75.83
2,12,21.4,0,1,81.51,81.72
2,12,24.2,0,1,79.83,74.96
2,12,24.8,0,1,74.62,77.83
2,12,30.6,0,1,73.32,67.03
2,12,29.6,0,1,66.68,66.42
2,13,22.3,0,1,80.79,86.38
2,13,21.2,0,1,77.21,84.2
2,13,33.3,0,1,76.27,75.77
2,13,25.9,0,1,75.14,79.45
2,13,33.8,0,1,76.98,82.99
2,13,23.0,0,1,64.36,74.4
2,13,32.1,0,1,81.18,83.84
2,13,30.8,0,1,90.11,94.11
2,13,21.8,0,1,71.63,70.89
2,13,31.2,0,1,76.25,88.93
2,14,22.8,0,1,80.47,75.01
2,14,23.8,0,1,83.72,76.79
2,14,20.2,0,1,69.19,58.35
2,14,28.4,0,1,79.76,78.24
2,14,30.9,0,1,65.96,72.55
2,14,23.4,0,1,89.72,83.3
2,14,28.7,0,1,82.94,85.01
2,14,24.6,0,1,79.12,76.43
2,14,20.5,0,1,66.56,67.2
2,14,27.9,0,1,80.93,86.53
2,15,22.3,0,1,69.09,63.44
2,15,20.4,0,1,79.02,72.84
2,15,29.9,0,1,81.9,81.41
2,15,24.8,0,1,82.88,75.99
2,15,26.3,0,1,81.55,73.31
2,15,21.1,0,1,57.95,56.32
2,15,32.2,0,1,67.0,64.69
2,15,29.2,0,1,78.6,72.81
2,15,23.2,0,1,80.12,78.51
2,15,22.8,0,1,72.32,64.83
2,16,32.2,0,1,72.13,83.44
2,16,24.8,0,1,68.54,70.51
2,16,26.1,0,1,79.9,73.9
2,16,32.6,0,1,71.7,64.93
2,16,32.8,0,1,71.6,72.63
2,16,30.3,0,1,65.1,65.32
2,16,22.5,0,1,64.62,67.19
2,16,23.5,0,1,81.27,64.27
2,16,25.0,0,1,70.05,66.38
2,16,33.6,0,1,58.69,73.11
2,17,30.8,0,1,38.04,42.08
2,17,23.3,0,1,37.22,29.86
2,17,24.7,0,1,47.94,52.86
2,17,28.6,0,1,50.93,52.07
2,17,20.5,0,1,51.8,58.47
2,17,31.8,0,1,60.29,58.5
2,17,22.9,0,1,37.44,35.6
2,17,27.4,0,1,62.08,58.29
2,17,24.4,0,1,52.26,47.77
2,17,26.4,0,1,58.33,47.03
2,18,22.0,0,0,41.29,29.09
2,18,22.8,0,0,48.72,57.39
2,18,32.2,0,0,43.78,44.01
2,18,33.2,0,0,64.1,54.95
2,18,32.2,0,0,54.79,56.61
2,18,23.0,0,0,59.64,44.89
2,18,21.5,0,0,51.13,50.01
2,18,32.2,0,0,62.63,58.97
2,18,32.3,0,0,51.05,42.84
2,18,31.3,0,0,52.57,61.71
3,8,31.4,0,0,17.14,20.27
3,8,24.5,0,0,32.13,19.52
3,8,25.4,0,0,23.02,20.12
3,8,23.2,0,0,25.04,18.97
3,8,28.7,0,0,31.5,26.14
3,8,27.3,0,0,20.03,20.55
3,8,28.1,0,0,35.26,31.15
3,8,31.4,0,0,36.75,36.28
3,8,23.4,0,0,34.41,35.25
3,8,26.8,0,0,16.48,16.91
3,9,31.2,0,1,70.37,61.6
3,9,30.0,0,1,55.54,61.05
3,9,22.5,0,1,69.15,61.04
3,9,29.9,0,1,49.17,60.35
3,9,33.5,0,1,65.79,73.38
3,9,20.6,0,1,68.27,66.64
3,9,31.5,0,1,69.17,72.28
3,9,28.6,0,1,57.0,61.25
3,9,30.9,0,1,59.02,67.44
3,9,29.3,0,1,52.73,66.64
3,10,28.2,0,1,61.53,60.62
3,10,23.0,0,1,57.13,54.33
3,10,28.5,0,1,63.15,61.2
3,10,28.3,0,1,60.92,72.14
3,10,26.0,0,1,72.2,75.37
3,10,23.8,0,1,53.68,50.93
3,10,23.2,0,1,62.27,57.12
3,10,20.9,0,1,72.18,61.73
3,10,32.3,0,1,58.05,72.16
3,10,24.7,0,1,76.75,68.92
3,11,26.5,0,1,68.99,66.26
3,11,22.5,0,1,79.65,70.9
3,11,21.4,0,1,70.33,76.15
3,11,29.3,0,1,75.45,80.79
3,11,33.9,0,1,89.61,87.56
3,11,27.3,0,1,78.43,76.39
3,11,21.8,0,1,85.06,82.75
3,11,20.5,0,1,67.13,62.49
3,11,21.2,0,1,74.56,82.87
3,11,25.6,0,1,75.89,83.22
3,12,32.9,0,1,75.35,77.49
3,12,25.3,0,1,83.9,83.0
3,12,31.1,0,1,70.22,70.12
3,12,22.4,0,1,79.04,76.56
3,12,29.0,0,1,81.32,85.72
3,12,28.5,0,1,80.35,75.8
3,12,25.6,0,1,64.88,66.48
3,12,20.4,0,1,67.99,66.52
3,12,33.5,0,1,73.97,69.0
3,12,26.2,0,1,61.06,69.11
3,13,28.7,0,1,81.94,89.82
3,13,20.8,0,1,90.64,85.45
3,13,33.8,0,1,71.72,76.97
3,13,29.7,0,1,72.05,72.61
3,13,31.4,0,1,87.05,78.56
3,13,27.4,0,1,71.69,77.82
3,13,25.1,0,1,80.99,80.37
3,13,30.8,0,1,67.34,61.76
3,13,20.3,0,1,72.47,73.41
3,13,27.5,0,1,74.23,76.87
3,14,21.5,0,1,86.94,77.58
3,14,21.4,0,1,77.55,73.43
3,14,30.3,0,1,72.66,74.72
3,14,26.4,0,1,82.35,89.56
3,14,29.6,0,1,82.14,78.1
3,14,20.5,0,1,98.82,82.36
3,14,29.2,0,1,94.41,95.25
3,14,20.9,0,1,82.67,74.61
3,14,27.2,0,1,81.78,84.44
3,14,21.0,0,1,63.51,63.36
3,15,24.9,0,1,70.26,76.59
3,15,22.4,0,1,67.9,62.54
3,15,23.7,0,1,65.4,55.74
3,15,28.7,0,1,66.03,67.49
3,15,28.6,0,1,77.77,84.95
3,15,20.6,0,1,76.15,79.88
3,15,33.7,0,1,79.68,77.42
3,15,31.4,0,1,71.3,71.97
3,15,33.0,0,1,59.27,59.63
3,15,26.2,0,1,71.15,70.75
3,16,32.4,0,1,77.22,73.28
3,16,32.1,0,1,76.09,80.61
3,16,30.6,0,1,71.67,73.95
3,16,30.9,0,1,74.03,69.89
3,16,33.8,0,1,80.75,79.54
3,16,31.4,0,1,70.46,66.56
3,16,30.3,0,1,72.05,82.9
3,16,24.2,0,1,75.07,71.43
3,16,28.9,0,1,74.53,71.28
3,16,20.1,0,1,63.89,58.08
3,17,31.2,0,1,48.45,43.78
3,17,28.6,0,1,45.68,38.06
3,17,27.8,0,1,31.21,38.12
3,17,33.4,0,1,39.76,45.65
3,17,24.3,0,1,65.55,53.97
3,17,32.4,0,1,42.73,45.48
3,17,29.7,0,1,27.45,41.48
3,17,31.1,0,1,34.57,49.61
3,17,29.0,0,1,44.33,45.65
3,17,27.8,0,1,55.21,52.86
3,18,23.8,0,0,51.54,54.01
3,18,20.8,0,0,46.84,44.08
3,18,31.0,0,0,42.22,49.16
3,18,24.6,0,0,45.44,44.16
3,18,28.4,0,0,48.27,61.51
3,18,28.9,0,0,53.51,51.75
3,18,31.8,0,0,54.02,53.17
3,18,22.6,0,0,44.76,34.78
3,18,24.2,0,0,56.19,50.74
3,18,32.2,0,0,58.62,56.52
4,8,26.4,0,0,26.94,33.86
4,8,26.1,0,0,30.23,34.66
4,8,28.5,0,0,22.21,24.04
4,8,33.4,0,0,16.22,19.11
4,8,23.7,0,0,20.04,20.99
4,8,23.8,0,0,41.45,31.3
4,8,20.9,0,0,15.07,27.68
4,8,24.9,0,0,37.83,38.51
4,8,33.1,0,0,8.49,17.24
4,8,30.2,0,0,43.5,36.12
4,9,22.8,0,1,68.64,64.06
4,9,28.5,0,1,58.32,59.5
4,9,31.9,0,1,61.15,68.92
4,9,32.0,0,1,70.34,70.49
4,9,27.6,0,1,51.27,45.25
4,9,22.3,0,1,76.1,75.18
4,9,26.5,0,1,66.33,71.22
4,9,20.9,0,1,64.34,67.7
4,9,20.7,0,1,67.5,64.38
4,9,22.3,0,1,62.22,65.75
4,10,22.9,0,1,71.1,64.25
4,10,33.8,0,1,74.86,73.53
4,10,27.5,0,1,66.45,62.2
4,10,31.5,0,1,63.17,59.11
4,10,24.0,0,1,80.22,73.68
4,10,31.2,0,1,63.26,68.43
4,10,22.2,0,1,65.7,70.64
4,10,32.0,0,1,71.45,74.01
4,10,22.6,0,1,68.1,72.37
4,10,26.2,0,1,67.43,72.55
4,11,33.5,0,1,68.04,78.32
4,11,32.3,0,1,79.49,86.56
4,11,30.1,0,1,83.78,82.94
4,11,22.6,0,1,83.01,85.23
4,11,29.9,0,1,77.87,72.26
4,11,26.4,0,1,78.64,71.76
4,11,24.7,0,1,72.68,69.51
4,11,21.4,0,1,67.84,63.31
4,11,26.3,0,1,86.06,85.71
4,11,24.9,0,1,83.85,80.68
4,12,28.9,0,1,61.63,73.23
4,12,29.6,0,1,67.81,66.66
4,12,23.2,0,1,86.1,74.46
4,12,29.7,0,1,70.25,73.89
4,12,20.5,0,1,73.65,68.55
4,12,32.2,0,1,83.49,87.36
4,12,23.6,0,1,86.51,89.04
4,12,21.6,0,1,79.48,70.76
4,12,27.7,0,1,69.93,72.6
4,12,30.4,0,1,86.91,83.32
4,13,24.1,0,1,91.91,89.23
4,13,20.3,0,1,84.58,90.25
4,13,31.6,0,1,77.47,85.28
4,13,21.4,0,1,74.74,70.83
4,13,24.2,0,1,76.7,76.3
4,13,30.4,0,1,75.71,79.51
4,13,32.5,0,1,73.18,75.78
4,13,31.1,0,1,71.04,77.39
4,13,20.9,0,1,81.99,84.53
4,13,21.3,0,1,93.07,87.35
4,14,32.3,0,1,67.92,86.8
4,14,24.4,0,1,81.25,82.89
4,14,32.5,0,1,86.93,86.88
4,14,28.3,0,1,84.43,78.29
4,14,21.5,0,1,88.54,74.24
4,14,33.3,0,1,82.23,91.94
4,14,28.9,0,1,67.71,67.09
4,14,26.6,0,1,68.77,67.94
4,14,33.6,0,1,69.6,79.59
4,14,28.6,0,1,76.03,70.58
4,15,20.1,0,1,58.61,53.69
4,15,31.2,0,1,62.07,74.0
4,15,33.0,0,1,69.01,67.93
4,15,21.6,0,1,72.28,64.29
4,15,26.9,0,1,70.5,67.94
4,15,25.9,0,1,69.56,69.71
4,15,28.5,0,1,63.77,67.52
4,15,23.6,0,1,69.25,63.08
4,15,21.6,0,1,56.92,62.1
4,15,21.7,0,1,67.72,66.04
4,16,21.1,0,1,67.94,65.91
4,16,29.5,0,1,66.75,68.56
4,16,28.9,0,1,83.03,80.36
4,16,30.1,0,1,56.69,64.4
4,16,20.2,0,1,67.8,57.51
4,16,28.1,0,1,61.67,57.31
4,16,24.8,0,1,79.43,75.19
4,16,29.7,0,1,62.63,73.63
4,16,24.3,0,1,82.74,73.43
4,16,31.5,0,1,76.48,82.64
4,17,24.5,0,1,56.08,41.66
4,17,29.9,0,1,46.76,52.02
4,17,26.0,0,1,37.02,41.18
4,17,22.2,0,1,42.19,38.82
4,17,24.8,0,1,28.38,32.47
4,17,29.5,0,1,43.97,49.02
4,17,33.8,0,1,42.3,51.45
4,17,26.8,0,1,38.42,35.61
4,17,25.4,0,1,35.53,33.69
4,17,22.2,0,1,34.29,39.58
4,18,24.0,0,0,60.99,54.67
4,18,28.4,0,0,55.13,58.16
4,18,25.4,0,0,37.54,43.28
4,18,27.8,0,0,51.73,50.95
4,18,26.2,0,0,38.62,39.67
4,18,20.8,0,0,33.66,43.45
4,18,28.1,0,0,48.85,35.35
4,18,26.8,0,0,50.55,52.78
4,18,28.7,0,0,37.71,40.46
4,18,26.7,0,0,49.84,50.3
5,8,27.5,1,0,33.29,30.43
5,8,21.7,1,0,32.96,25.73
5,8,33.2,1,0,15.61,16.7
5,8,26.8,1,0,22.72,36.54
5,8,24.0,1,0,12.1,19.08
5,8,27.2,1,0,27.59,23.3
5,8,33.7,1,0,22.8,26.12
5,8,28.0,1,0,32.91,33.8
5,8,32.0,1,0,23.95,11.72
5,8,28.8,1,0,33.07,32.51
5,9,29.6,1,0,24.2,31.0
5,9,24.2,1,0,15.83,21.02
5,9,22.9,1,0,38.7,33.94
5,9,24.1,1,0,13.98,10.97
5,9,30.4,1,0,17.57,18.29
5,9,29.2,1,0,30.91,34.53
5,9,21.2,1,0,21.38,16.31
5,9,25.7,1,0,7.69,9.77
5,9,31.3,1,0,24.22,36.7
5,9,21.1,1,0,25.81,23.32
5,10,20.7,1,0,3.78,5.62
5,10,23.3,1,0,21.17,14.4
5,10,24.5,1,0,25.09,15.7
5,10,33.7,1,0,31.89,23.2
5,10,21.7,1,0,17.12,30.3
5,10,28.2,1,0,26.67,24.25
5,10,23.4,1,0,30.23,28.07
5,10,27.7,1,0,24.97,21.32
5,10,23.8,1,0,18.94,19.18
5,10,28.8,1,0,7.25,16.74
5,11,20.0,1,0,21.14,19.9
5,11,31.8,1,0,14.22,9.03
5,11,24.4,1,0,5.82,7.97
5,11,31.8,1,0,19.15,21.01
5,11,26.1,1,0,34.7,31.89
5,11,21.3,1,0,14.98,23.79
5,11,28.9,1,0,32.42,33.49
5,11,33.5,1,0,29.47,33.07
5,11,24.2,1,0,15.71,16.05
5,11,20.7,1,0,19.0,18.26
5,12,26.1,1,0,18.69,16.11
5,12,25.2,1,0,9.04,16.22
5,12,31.5,1,0,34.37,28.95
5,12,26.6,1,0,35.36,27.52
5,12,28.5,1,0,19.26,14.52
5,12,30.3,1,0,11.94,26.11
5,12,30.0,1,0,13.34,18.89
5,12,25.1,1,0,11.66,6.49
5,12,23.7,1,0,29.74,25.26
5,12,26.9,1,0,32.17,23.2
5,13,20.1,1,0,21.71,20.34
5,13,29.5,1,0,21.37,21.92
5,13,27.3,1,0,37.76,36.92
5,13,21.7,1,0,17.15,20.19
5,13,24.9,1,0,20.12,18.45
5,13,31.9,1,0,11.46,14.02
5,13,30.9,1,0,13.45,20.09
5,13,20.9,1,0,15.19,6.08
5,13,30.5,1,0,21.95,24.52
5,13,33.5,1,0,5.59,12.67
5,14,22.7,1,0,19.93,13.6
5,14,28.1,1,0,16.17,18.78
5,14,25.4,1,0,22.8,21.02
5,14,32.8,1,0,22.2,19.86
5,14,29.9,1,0,7.38,21.36
5,14,21.9,1,0,25.91,32.14
5,14,27.0,1,0,26.04,25.56
5,14,31.3,1,0,10.43,29.78
5,14,20.6,1,0,7.02,9.88
5,14,20.7,1,0,28.95,30.3
5,15,33.4,1,0,6.93,19.97
5,15,26.1,1,0,25.79,21.74
5,15,33.7,1,0,16.88,18.18
5,15,30.6,1,0,23.06,15.08
5,15,23.5,1,0,21.23,26.16
5,15,27.9,1,0,27.73,29.74
5,15,20.1,1,0,12.67,17.89
5,15,24.5,1,0,28.85,31.01
5,15,26.0,1,0,21.23,9.24
5,15,21.7,1,0,20.94,13.85
5,16,33.9,1,0,7.88,19.86
5,16,25.5,1,0,19.52,32.14
5,16,31.0,1,0,6.42,21.85
5,16,29.2,1,0,16.08,13.29
5,16,23.1,1,0,8.94,11.77
5,16,33.3,1,0,34.42,21.43
5,16,27.2,1,0,24.48,23.75
5,16,32.5,1,0,32.72,40.1
5,16,30.9,1,0,14.65,23.81
5,16,28.3,1,0,19.09,13.62
5,17,22.9,1,0,0.0,10.52
5,17,31.4,1,0,37.07,28.81
5,17,30.8,1,0,17.47,29.54
5,17,26.0,1,0,12.68,8.49
5,17,20.0,1,0,17.04,17.05
5,17,33.6,1,0,10.22,14.61
5,17,23.2,1,0,13.43,3.54
5,17,30.4,1,0,22.58,30.2
5,17,24.6,1,0,25.49,28.46
5,17,25.2,1,0,29.56,37.34
5,18,28.3,1,0,26.95,23.94
5,18,29.9,1,0,16.28,21.24
5,18,33.3,1,0,14.31,8.2
5,18,24.2,1,0,25.94,27.46
5,18,27.2,1,0,25.76,22.09
5,18,31.6,1,0,25.83,36.91
5,18,32.9,1,0,30.69,32.0
5,18,23.8,1,0,27.39,24.18
5,18,24.7,1,0,36.66,36.43
5,18,30.2,1,0,24.02,28.33
6,8,25.3,1,0,17.55,16.62
6,8,25.4,1,0,3.04,8.4
6,8,29.9,1,0,32.93,32.08
6,8,20.7,1,0,26.11,21.15
6,8,22.5,1,0,19.23,32.14
6,8,21.8,1,0,29.24,25.58
6,8,24.1,1,0,37.09,32.8
6,8,23.5,1,0,31.68,24.92
6,8,32.7,1,0,8.46,13.73
6,8,27.7,1,0,12.04,12.13
6,9,28.7,1,0,15.2,25.34
6,9,21.0,1,0,26.91,19.76
6,9,29.6,1,0,17.53,17.42
6,9,33.2,1,0,31.63,34.94
6,9,22.8,1,0,18.39,19.4
6,9,23.9,1,0,18.63,15.16
6,9,20.9,1,0,21.82,16.22
6,9,30.3,1,0,18.38,25.55
6,9,25.6,1,0,16.19,10.11
6,9,23.8,1,0,18.22,15.86
6,10,28.5,1,0,9.19,11.59
6,10,28.4,1,0,19.09,29.61
6,10,20.2,1,0,38.18,26.13
6,10,29.9,1,0,19.64,23.03
6,10,28.4,1,0,34.41,33.71
6,10,22.8,1,0,29.93,27.27
6,10,25.7,1,0,2.73,11.79
6,10,26.3,1,0,39.56,32.25
6,10,22.6,1,0,26.69,23.91
6,10,21.3,1,0,28.05,29.16
6,11,23.6,1,0,29.61,24.69
6,11,28.9,1,0,13.54,18.05
6,11,22.8,1,0,28.02,27.07
6,11,23.8,1,0,15.85,11.73
6,11,30.3,1,0,22.27,27.78
6,11,33.3,1,0,33.46,36.0
6,11,33.1,1,0,26.02,21.71
6,11,30.4,1,0,24.63,30.3
6,11,25.2,1,0,38.38,41.57
6,11,23.8,1,0,20.73,20.5
6,12,31.0,1,0,14.67,26.13
6,12,29.9,1,0,30.65,19.07
6,12,33.1,1,0,8.85,18.09
6,12,26.2,1,0,10.67,2.47
6,12,20.8,1,0,19.81,24.95
6,12,29.2,1,0,15.11,16.49
6,12,21.0,1,0,18.59,13.0
6,12,31.4,1,0,25.47,26.88
6,12,24.3,1,0,30.99,19.88
6,12,25.0,1,0,21.25,20.03
6,13,24.3,1,0,32.22,32.81
6,13,25.0,1,0,21.49,18.24
6,13,27.7,1,0,24.42,21.67
6,13,29.5,1,0,33.05,34.63
6,13,26.1,1,0,27.63,21.11
6,13,22.5,1,0,25.26,23.92
6,13,22.3,1,0,14.93,11.37
6,13,27.2,1,0,10.49,9.1
6,13,21.5,1,0,27.69,14.54
6,13,23.4,1,0,4.56,7.38
6,14,23.1,1,0,39.1,40.4
6,14,25.8,1,0,30.08,21.68
6,14,29.8,1,0,1.11,15.71
6,14,32.2,1,0,20.72,28.73
6,14,28.5,1,0,8.45,12.05
6,14,29.7,1,0,19.45,15.57
6,14,22.9,1,0,21.2,20.44
6,14,31.1,1,0,24.83,9.33
6,14,28.8,1,0,28.62,35.15
6,14,31.7,1,0,30.27,37.78
6,15,24.7,1,0,23.19,27.83
6,15,32.0,1,0,28.06,34.31
6,15,25.4,1,0,29.87,29.52
6,15,20.9,1,0,36.18,19.9
6,15,33.6,1,0,8.63,15.81
6,15,25.3,1,0,20.71,31.72
6,15,23.1,1,0,15.64,16.07
6,15,25.2,1,0,26.09,25.81
6,15,29.9,1,0,13.47,7.11
6,15,26.8,1,0,13.13,12.71
6,16,27.7,1,0,13.95,17.83
6,16,30.9,1,0,29.21,36.39
6,16,22.0,1,0,33.8,27.07
6,16,22.4,1,0,16.36,14.43
6,16,32.7,1,0,37.47,36.1
6,16,32.4,1,0,19.31,28.76
6,16,26.6,1,0,23.67,25.1
6,16,24.4,1,0,14.18,9.12
6,16,32.7,1,0,18.14,31.6
6,16,31.5,1,0,23.2,32.16
6,17,29.7,1,0,17.46,20.16
6,17,24.5,1,0,19.72,11.69
6,17,23.1,1,0,29.12,18.0
6,17,31.4,1,0,25.97,33.98
6,17,21.2,1,0,22.43,16.72
6,17,20.4,1,0,18.24,6.93
6,17,20.5,1,0,30.07,22.21
6,17,32.4,1,0,19.81,22.1
6,17,23.5,1,0,28.2,25.12
6,17,32.0,1,0,29.86,36.46
6,18,20.3,1,0,20.68,21.39
6,18,24.4,1,0,29.47,30.37
6,18,30.7,1,0,12.91,17.19
6,18,27.9,1,0,26.86,30.25
6,18,28.1,1,0,33.01,41.57
6,18,29.9,1,0,22.23,15.58
6,18,33.0,1,0,35.07,27.83
6,18,23.0,1,0,38.02,36.43
6,18,28.3,1,0,21.1,9.96
6,18,29.5,1,0,29.14,20.59
